model_id,family,profile,cost,tie_mode,operator_pool_size,frontier_size,frontier_ids
C2,chain_all_monotone_inflationary,uniform,moved_points_cost,keep_all_nondominated,2,2,"C2:(0,1);C2:(1,1)"
C2,chain_all_monotone_inflationary,uniform,moved_points_cost,dedup_equal_points,2,2,"C2:(0,1);C2:(1,1)"
C2,chain_all_monotone_inflationary,uniform,total_rank_lift_cost,keep_all_nondominated,2,2,"C2:(0,1);C2:(1,1)"
C2,chain_all_monotone_inflationary,uniform,total_rank_lift_cost,dedup_equal_points,2,2,"C2:(0,1);C2:(1,1)"
C2,chain_all_monotone_inflationary,uniform,average_rank_lift_cost,keep_all_nondominated,2,2,"C2:(0,1);C2:(1,1)"
C2,chain_all_monotone_inflationary,uniform,average_rank_lift_cost,dedup_equal_points,2,2,"C2:(0,1);C2:(1,1)"
C2,chain_all_monotone_inflationary,uniform,normalized_total_rank_lift_cost,keep_all_nondominated,2,2,"C2:(0,1);C2:(1,1)"
C2,chain_all_monotone_inflationary,uniform,normalized_total_rank_lift_cost,dedup_equal_points,2,2,"C2:(0,1);C2:(1,1)"
C2,chain_all_monotone_inflationary,top_heavy,moved_points_cost,keep_all_nondominated,2,2,"C2:(0,1);C2:(1,1)"
C2,chain_all_monotone_inflationary,top_heavy,moved_points_cost,dedup_equal_points,2,2,"C2:(0,1);C2:(1,1)"
C2,chain_all_monotone_inflationary,top_heavy,total_rank_lift_cost,keep_all_nondominated,2,2,"C2:(0,1);C2:(1,1)"
C2,chain_all_monotone_inflationary,top_heavy,total_rank_lift_cost,dedup_equal_points,2,2,"C2:(0,1);C2:(1,1)"
C2,chain_all_monotone_inflationary,top_heavy,average_rank_lift_cost,keep_all_nondominated,2,2,"C2:(0,1);C2:(1,1)"
C2,chain_all_monotone_inflationary,top_heavy,average_rank_lift_cost,dedup_equal_points,2,2,"C2:(0,1);C2:(1,1)"
C2,chain_all_monotone_inflationary,top_heavy,normalized_total_rank_lift_cost,keep_all_nondominated,2,2,"C2:(0,1);C2:(1,1)"
C2,chain_all_monotone_inflationary,top_heavy,normalized_total_rank_lift_cost,dedup_equal_points,2,2,"C2:(0,1);C2:(1,1)"
C2,chain_all_monotone_inflationary,bottom_heavy,moved_points_cost,keep_all_nondominated,2,2,"C2:(0,1);C2:(1,1)"
C2,chain_all_monotone_inflationary,bottom_heavy,moved_points_cost,dedup_equal_points,2,2,"C2:(0,1);C2:(1,1)"
C2,chain_all_monotone_inflationary,bottom_heavy,total_rank_lift_cost,keep_all_nondominated,2,2,"C2:(0,1);C2:(1,1)"
C2,chain_all_monotone_inflationary,bottom_heavy,total_rank_lift_cost,dedup_equal_points,2,2,"C2:(0,1);C2:(1,1)"
C2,chain_all_monotone_inflationary,bottom_heavy,average_rank_lift_cost,keep_all_nondominated,2,2,"C2:(0,1);C2:(1,1)"
C2,chain_all_monotone_inflationary,bottom_heavy,average_rank_lift_cost,dedup_equal_points,2,2,"C2:(0,1);C2:(1,1)"
C2,chain_all_monotone_inflationary,bottom_heavy,normalized_total_rank_lift_cost,keep_all_nondominated,2,2,"C2:(0,1);C2:(1,1)"
C2,chain_all_monotone_inflationary,bottom_heavy,normalized_total_rank_lift_cost,dedup_equal_points,2,2,"C2:(0,1);C2:(1,1)"
C2,chain_all_monotone_inflationary,middle_heavy,moved_points_cost,keep_all_nondominated,2,2,"C2:(0,1);C2:(1,1)"
C2,chain_all_monotone_inflationary,middle_heavy,moved_points_cost,dedup_equal_points,2,2,"C2:(0,1);C2:(1,1)"
C2,chain_all_monotone_inflationary,middle_heavy,total_rank_lift_cost,keep_all_nondominated,2,2,"C2:(0,1);C2:(1,1)"
C2,chain_all_monotone_inflationary,middle_heavy,total_rank_lift_cost,dedup_equal_points,2,2,"C2:(0,1);C2:(1,1)"
C2,chain_all_monotone_inflationary,middle_heavy,average_rank_lift_cost,keep_all_nondominated,2,2,"C2:(0,1);C2:(1,1)"
C2,chain_all_monotone_inflationary,middle_heavy,average_rank_lift_cost,dedup_equal_points,2,2,"C2:(0,1);C2:(1,1)"
C2,chain_all_monotone_inflationary,middle_heavy,normalized_total_rank_lift_cost,keep_all_nondominated,2,2,"C2:(0,1);C2:(1,1)"
C2,chain_all_monotone_inflationary,middle_heavy,normalized_total_rank_lift_cost,dedup_equal_points,2,2,"C2:(0,1);C2:(1,1)"
C2,chain_closure_only,uniform,moved_points_cost,keep_all_nondominated,2,2,"C2:(0,1);C2:(1,1)"
C2,chain_closure_only,uniform,moved_points_cost,dedup_equal_points,2,2,"C2:(0,1);C2:(1,1)"
C2,chain_closure_only,uniform,total_rank_lift_cost,keep_all_nondominated,2,2,"C2:(0,1);C2:(1,1)"
C2,chain_closure_only,uniform,total_rank_lift_cost,dedup_equal_points,2,2,"C2:(0,1);C2:(1,1)"
C2,chain_closure_only,uniform,average_rank_lift_cost,keep_all_nondominated,2,2,"C2:(0,1);C2:(1,1)"
C2,chain_closure_only,uniform,average_rank_lift_cost,dedup_equal_points,2,2,"C2:(0,1);C2:(1,1)"
C2,chain_closure_only,uniform,normalized_total_rank_lift_cost,keep_all_nondominated,2,2,"C2:(0,1);C2:(1,1)"
C2,chain_closure_only,uniform,normalized_total_rank_lift_cost,dedup_equal_points,2,2,"C2:(0,1);C2:(1,1)"
C2,chain_closure_only,top_heavy,moved_points_cost,keep_all_nondominated,2,2,"C2:(0,1);C2:(1,1)"
C2,chain_closure_only,top_heavy,moved_points_cost,dedup_equal_points,2,2,"C2:(0,1);C2:(1,1)"
C2,chain_closure_only,top_heavy,total_rank_lift_cost,keep_all_nondominated,2,2,"C2:(0,1);C2:(1,1)"
C2,chain_closure_only,top_heavy,total_rank_lift_cost,dedup_equal_points,2,2,"C2:(0,1);C2:(1,1)"
C2,chain_closure_only,top_heavy,average_rank_lift_cost,keep_all_nondominated,2,2,"C2:(0,1);C2:(1,1)"
C2,chain_closure_only,top_heavy,average_rank_lift_cost,dedup_equal_points,2,2,"C2:(0,1);C2:(1,1)"
C2,chain_closure_only,top_heavy,normalized_total_rank_lift_cost,keep_all_nondominated,2,2,"C2:(0,1);C2:(1,1)"
C2,chain_closure_only,top_heavy,normalized_total_rank_lift_cost,dedup_equal_points,2,2,"C2:(0,1);C2:(1,1)"
C2,chain_closure_only,bottom_heavy,moved_points_cost,keep_all_nondominated,2,2,"C2:(0,1);C2:(1,1)"
C2,chain_closure_only,bottom_heavy,moved_points_cost,dedup_equal_points,2,2,"C2:(0,1);C2:(1,1)"
C2,chain_closure_only,bottom_heavy,total_rank_lift_cost,keep_all_nondominated,2,2,"C2:(0,1);C2:(1,1)"
C2,chain_closure_only,bottom_heavy,total_rank_lift_cost,dedup_equal_points,2,2,"C2:(0,1);C2:(1,1)"
C2,chain_closure_only,bottom_heavy,average_rank_lift_cost,keep_all_nondominated,2,2,"C2:(0,1);C2:(1,1)"
C2,chain_closure_only,bottom_heavy,average_rank_lift_cost,dedup_equal_points,2,2,"C2:(0,1);C2:(1,1)"
C2,chain_closure_only,bottom_heavy,normalized_total_rank_lift_cost,keep_all_nondominated,2,2,"C2:(0,1);C2:(1,1)"
C2,chain_closure_only,bottom_heavy,normalized_total_rank_lift_cost,dedup_equal_points,2,2,"C2:(0,1);C2:(1,1)"
C2,chain_closure_only,middle_heavy,moved_points_cost,keep_all_nondominated,2,2,"C2:(0,1);C2:(1,1)"
C2,chain_closure_only,middle_heavy,moved_points_cost,dedup_equal_points,2,2,"C2:(0,1);C2:(1,1)"
C2,chain_closure_only,middle_heavy,total_rank_lift_cost,keep_all_nondominated,2,2,"C2:(0,1);C2:(1,1)"
C2,chain_closure_only,middle_heavy,total_rank_lift_cost,dedup_equal_points,2,2,"C2:(0,1);C2:(1,1)"
C2,chain_closure_only,middle_heavy,average_rank_lift_cost,keep_all_nondominated,2,2,"C2:(0,1);C2:(1,1)"
C2,chain_closure_only,middle_heavy,average_rank_lift_cost,dedup_equal_points,2,2,"C2:(0,1);C2:(1,1)"
C2,chain_closure_only,middle_heavy,normalized_total_rank_lift_cost,keep_all_nondominated,2,2,"C2:(0,1);C2:(1,1)"
C2,chain_closure_only,middle_heavy,normalized_total_rank_lift_cost,dedup_equal_points,2,2,"C2:(0,1);C2:(1,1)"
C2,chain_step_family,uniform,moved_points_cost,keep_all_nondominated,2,2,"C2:(0,1);C2:(1,1)"
C2,chain_step_family,uniform,moved_points_cost,dedup_equal_points,2,2,"C2:(0,1);C2:(1,1)"
C2,chain_step_family,uniform,total_rank_lift_cost,keep_all_nondominated,2,2,"C2:(0,1);C2:(1,1)"
C2,chain_step_family,uniform,total_rank_lift_cost,dedup_equal_points,2,2,"C2:(0,1);C2:(1,1)"
C2,chain_step_family,uniform,average_rank_lift_cost,keep_all_nondominated,2,2,"C2:(0,1);C2:(1,1)"
C2,chain_step_family,uniform,average_rank_lift_cost,dedup_equal_points,2,2,"C2:(0,1);C2:(1,1)"
C2,chain_step_family,uniform,normalized_total_rank_lift_cost,keep_all_nondominated,2,2,"C2:(0,1);C2:(1,1)"
C2,chain_step_family,uniform,normalized_total_rank_lift_cost,dedup_equal_points,2,2,"C2:(0,1);C2:(1,1)"
C2,chain_step_family,top_heavy,moved_points_cost,keep_all_nondominated,2,2,"C2:(0,1);C2:(1,1)"
C2,chain_step_family,top_heavy,moved_points_cost,dedup_equal_points,2,2,"C2:(0,1);C2:(1,1)"
C2,chain_step_family,top_heavy,total_rank_lift_cost,keep_all_nondominated,2,2,"C2:(0,1);C2:(1,1)"
C2,chain_step_family,top_heavy,total_rank_lift_cost,dedup_equal_points,2,2,"C2:(0,1);C2:(1,1)"
C2,chain_step_family,top_heavy,average_rank_lift_cost,keep_all_nondominated,2,2,"C2:(0,1);C2:(1,1)"
C2,chain_step_family,top_heavy,average_rank_lift_cost,dedup_equal_points,2,2,"C2:(0,1);C2:(1,1)"
C2,chain_step_family,top_heavy,normalized_total_rank_lift_cost,keep_all_nondominated,2,2,"C2:(0,1);C2:(1,1)"
C2,chain_step_family,top_heavy,normalized_total_rank_lift_cost,dedup_equal_points,2,2,"C2:(0,1);C2:(1,1)"
C2,chain_step_family,bottom_heavy,moved_points_cost,keep_all_nondominated,2,2,"C2:(0,1);C2:(1,1)"
C2,chain_step_family,bottom_heavy,moved_points_cost,dedup_equal_points,2,2,"C2:(0,1);C2:(1,1)"
C2,chain_step_family,bottom_heavy,total_rank_lift_cost,keep_all_nondominated,2,2,"C2:(0,1);C2:(1,1)"
C2,chain_step_family,bottom_heavy,total_rank_lift_cost,dedup_equal_points,2,2,"C2:(0,1);C2:(1,1)"
C2,chain_step_family,bottom_heavy,average_rank_lift_cost,keep_all_nondominated,2,2,"C2:(0,1);C2:(1,1)"
C2,chain_step_family,bottom_heavy,average_rank_lift_cost,dedup_equal_points,2,2,"C2:(0,1);C2:(1,1)"
C2,chain_step_family,bottom_heavy,normalized_total_rank_lift_cost,keep_all_nondominated,2,2,"C2:(0,1);C2:(1,1)"
C2,chain_step_family,bottom_heavy,normalized_total_rank_lift_cost,dedup_equal_points,2,2,"C2:(0,1);C2:(1,1)"
C2,chain_step_family,middle_heavy,moved_points_cost,keep_all_nondominated,2,2,"C2:(0,1);C2:(1,1)"
C2,chain_step_family,middle_heavy,moved_points_cost,dedup_equal_points,2,2,"C2:(0,1);C2:(1,1)"
C2,chain_step_family,middle_heavy,total_rank_lift_cost,keep_all_nondominated,2,2,"C2:(0,1);C2:(1,1)"
C2,chain_step_family,middle_heavy,total_rank_lift_cost,dedup_equal_points,2,2,"C2:(0,1);C2:(1,1)"
C2,chain_step_family,middle_heavy,average_rank_lift_cost,keep_all_nondominated,2,2,"C2:(0,1);C2:(1,1)"
C2,chain_step_family,middle_heavy,average_rank_lift_cost,dedup_equal_points,2,2,"C2:(0,1);C2:(1,1)"
C2,chain_step_family,middle_heavy,normalized_total_rank_lift_cost,keep_all_nondominated,2,2,"C2:(0,1);C2:(1,1)"
C2,chain_step_family,middle_heavy,normalized_total_rank_lift_cost,dedup_equal_points,2,2,"C2:(0,1);C2:(1,1)"
C3,chain_all_monotone_inflationary,uniform,moved_points_cost,keep_all_nondominated,5,5,"C3:(0,1,2);C3:(0,2,2);C3:(1,1,2);C3:(1,2,2);C3:(2,2,2)"
C3,chain_all_monotone_inflationary,uniform,moved_points_cost,dedup_equal_points,5,3,"C3:(0,1,2);C3:(0,2,2);C3:(1,2,2)"
C3,chain_all_monotone_inflationary,uniform,total_rank_lift_cost,keep_all_nondominated,5,4,"C3:(0,1,2);C3:(0,2,2);C3:(1,1,2);C3:(1,2,2)"
C3,chain_all_monotone_inflationary,uniform,total_rank_lift_cost,dedup_equal_points,5,3,"C3:(0,1,2);C3:(0,2,2);C3:(1,2,2)"
C3,chain_all_monotone_inflationary,uniform,average_rank_lift_cost,keep_all_nondominated,5,4,"C3:(0,1,2);C3:(0,2,2);C3:(1,1,2);C3:(1,2,2)"
C3,chain_all_monotone_inflationary,uniform,average_rank_lift_cost,dedup_equal_points,5,3,"C3:(0,1,2);C3:(0,2,2);C3:(1,2,2)"
C3,chain_all_monotone_inflationary,uniform,normalized_total_rank_lift_cost,keep_all_nondominated,5,4,"C3:(0,1,2);C3:(0,2,2);C3:(1,1,2);C3:(1,2,2)"
C3,chain_all_monotone_inflationary,uniform,normalized_total_rank_lift_cost,dedup_equal_points,5,3,"C3:(0,1,2);C3:(0,2,2);C3:(1,2,2)"
C3,chain_all_monotone_inflationary,top_heavy,moved_points_cost,keep_all_nondominated,5,4,"C3:(0,1,2);C3:(0,2,2);C3:(1,2,2);C3:(2,2,2)"
C3,chain_all_monotone_inflationary,top_heavy,moved_points_cost,dedup_equal_points,5,3,"C3:(0,1,2);C3:(0,2,2);C3:(1,2,2)"
C3,chain_all_monotone_inflationary,top_heavy,total_rank_lift_cost,keep_all_nondominated,5,3,"C3:(0,1,2);C3:(0,2,2);C3:(1,2,2)"
C3,chain_all_monotone_inflationary,top_heavy,total_rank_lift_cost,dedup_equal_points,5,3,"C3:(0,1,2);C3:(0,2,2);C3:(1,2,2)"
C3,chain_all_monotone_inflationary,top_heavy,average_rank_lift_cost,keep_all_nondominated,5,3,"C3:(0,1,2);C3:(0,2,2);C3:(1,2,2)"
C3,chain_all_monotone_inflationary,top_heavy,average_rank_lift_cost,dedup_equal_points,5,3,"C3:(0,1,2);C3:(0,2,2);C3:(1,2,2)"
C3,chain_all_monotone_inflationary,top_heavy,normalized_total_rank_lift_cost,keep_all_nondominated,5,3,"C3:(0,1,2);C3:(0,2,2);C3:(1,2,2)"
C3,chain_all_monotone_inflationary,top_heavy,normalized_total_rank_lift_cost,dedup_equal_points,5,3,"C3:(0,1,2);C3:(0,2,2);C3:(1,2,2)"
C3,chain_all_monotone_inflationary,bottom_heavy,moved_points_cost,keep_all_nondominated,5,4,"C3:(0,1,2);C3:(1,1,2);C3:(1,2,2);C3:(2,2,2)"
C3,chain_all_monotone_inflationary,bottom_heavy,moved_points_cost,dedup_equal_points,5,3,"C3:(0,1,2);C3:(1,1,2);C3:(1,2,2)"
C3,chain_all_monotone_inflationary,bottom_heavy,total_rank_lift_cost,keep_all_nondominated,5,3,"C3:(0,1,2);C3:(1,1,2);C3:(1,2,2)"
C3,chain_all_monotone_inflationary,bottom_heavy,total_rank_lift_cost,dedup_equal_points,5,3,"C3:(0,1,2);C3:(1,1,2);C3:(1,2,2)"
C3,chain_all_monotone_inflationary,bottom_heavy,average_rank_lift_cost,keep_all_nondominated,5,3,"C3:(0,1,2);C3:(1,1,2);C3:(1,2,2)"
C3,chain_all_monotone_inflationary,bottom_heavy,average_rank_lift_cost,dedup_equal_points,5,3,"C3:(0,1,2);C3:(1,1,2);C3:(1,2,2)"
C3,chain_all_monotone_inflationary,bottom_heavy,normalized_total_rank_lift_cost,keep_all_nondominated,5,3,"C3:(0,1,2);C3:(1,1,2);C3:(1,2,2)"
C3,chain_all_monotone_inflationary,bottom_heavy,normalized_total_rank_lift_cost,dedup_equal_points,5,3,"C3:(0,1,2);C3:(1,1,2);C3:(1,2,2)"
C3,chain_all_monotone_inflationary,middle_heavy,moved_points_cost,keep_all_nondominated,5,4,"C3:(0,1,2);C3:(0,2,2);C3:(1,2,2);C3:(2,2,2)"
C3,chain_all_monotone_inflationary,middle_heavy,moved_points_cost,dedup_equal_points,5,3,"C3:(0,1,2);C3:(0,2,2);C3:(1,2,2)"
C3,chain_all_monotone_inflationary,middle_heavy,total_rank_lift_cost,keep_all_nondominated,5,3,"C3:(0,1,2);C3:(0,2,2);C3:(1,2,2)"
C3,chain_all_monotone_inflationary,middle_heavy,total_rank_lift_cost,dedup_equal_points,5,3,"C3:(0,1,2);C3:(0,2,2);C3:(1,2,2)"
C3,chain_all_monotone_inflationary,middle_heavy,average_rank_lift_cost,keep_all_nondominated,5,3,"C3:(0,1,2);C3:(0,2,2);C3:(1,2,2)"
C3,chain_all_monotone_inflationary,middle_heavy,average_rank_lift_cost,dedup_equal_points,5,3,"C3:(0,1,2);C3:(0,2,2);C3:(1,2,2)"
C3,chain_all_monotone_inflationary,middle_heavy,normalized_total_rank_lift_cost,keep_all_nondominated,5,3,"C3:(0,1,2);C3:(0,2,2);C3:(1,2,2)"
C3,chain_all_monotone_inflationary,middle_heavy,normalized_total_rank_lift_cost,dedup_equal_points,5,3,"C3:(0,1,2);C3:(0,2,2);C3:(1,2,2)"
C3,chain_closure_only,uniform,moved_points_cost,keep_all_nondominated,4,4,"C3:(0,1,2);C3:(0,2,2);C3:(1,1,2);C3:(2,2,2)"
C3,chain_closure_only,uniform,moved_points_cost,dedup_equal_points,4,3,"C3:(0,1,2);C3:(0,2,2);C3:(2,2,2)"
C3,chain_closure_only,uniform,total_rank_lift_cost,keep_all_nondominated,4,4,"C3:(0,1,2);C3:(0,2,2);C3:(1,1,2);C3:(2,2,2)"
C3,chain_closure_only,uniform,total_rank_lift_cost,dedup_equal_points,4,3,"C3:(0,1,2);C3:(0,2,2);C3:(2,2,2)"
C3,chain_closure_only,uniform,average_rank_lift_cost,keep_all_nondominated,4,4,"C3:(0,1,2);C3:(0,2,2);C3:(1,1,2);C3:(2,2,2)"
C3,chain_closure_only,uniform,average_rank_lift_cost,dedup_equal_points,4,3,"C3:(0,1,2);C3:(0,2,2);C3:(2,2,2)"
C3,chain_closure_only,uniform,normalized_total_rank_lift_cost,keep_all_nondominated,4,4,"C3:(0,1,2);C3:(0,2,2);C3:(1,1,2);C3:(2,2,2)"
C3,chain_closure_only,uniform,normalized_total_rank_lift_cost,dedup_equal_points,4,3,"C3:(0,1,2);C3:(0,2,2);C3:(2,2,2)"
C3,chain_closure_only,top_heavy,moved_points_cost,keep_all_nondominated,4,3,"C3:(0,1,2);C3:(0,2,2);C3:(2,2,2)"
C3,chain_closure_only,top_heavy,moved_points_cost,dedup_equal_points,4,3,"C3:(0,1,2);C3:(0,2,2);C3:(2,2,2)"
C3,chain_closure_only,top_heavy,total_rank_lift_cost,keep_all_nondominated,4,3,"C3:(0,1,2);C3:(0,2,2);C3:(2,2,2)"
C3,chain_closure_only,top_heavy,total_rank_lift_cost,dedup_equal_points,4,3,"C3:(0,1,2);C3:(0,2,2);C3:(2,2,2)"
C3,chain_closure_only,top_heavy,average_rank_lift_cost,keep_all_nondominated,4,3,"C3:(0,1,2);C3:(0,2,2);C3:(2,2,2)"
C3,chain_closure_only,top_heavy,average_rank_lift_cost,dedup_equal_points,4,3,"C3:(0,1,2);C3:(0,2,2);C3:(2,2,2)"
C3,chain_closure_only,top_heavy,normalized_total_rank_lift_cost,keep_all_nondominated,4,3,"C3:(0,1,2);C3:(0,2,2);C3:(2,2,2)"
C3,chain_closure_only,top_heavy,normalized_total_rank_lift_cost,dedup_equal_points,4,3,"C3:(0,1,2);C3:(0,2,2);C3:(2,2,2)"
C3,chain_closure_only,bottom_heavy,moved_points_cost,keep_all_nondominated,4,3,"C3:(0,1,2);C3:(1,1,2);C3:(2,2,2)"
C3,chain_closure_only,bottom_heavy,moved_points_cost,dedup_equal_points,4,3,"C3:(0,1,2);C3:(1,1,2);C3:(2,2,2)"
C3,chain_closure_only,bottom_heavy,total_rank_lift_cost,keep_all_nondominated,4,3,"C3:(0,1,2);C3:(1,1,2);C3:(2,2,2)"
C3,chain_closure_only,bottom_heavy,total_rank_lift_cost,dedup_equal_points,4,3,"C3:(0,1,2);C3:(1,1,2);C3:(2,2,2)"
C3,chain_closure_only,bottom_heavy,average_rank_lift_cost,keep_all_nondominated,4,3,"C3:(0,1,2);C3:(1,1,2);C3:(2,2,2)"
C3,chain_closure_only,bottom_heavy,average_rank_lift_cost,dedup_equal_points,4,3,"C3:(0,1,2);C3:(1,1,2);C3:(2,2,2)"
C3,chain_closure_only,bottom_heavy,normalized_total_rank_lift_cost,keep_all_nondominated,4,3,"C3:(0,1,2);C3:(1,1,2);C3:(2,2,2)"
C3,chain_closure_only,bottom_heavy,normalized_total_rank_lift_cost,dedup_equal_points,4,3,"C3:(0,1,2);C3:(1,1,2);C3:(2,2,2)"
C3,chain_closure_only,middle_heavy,moved_points_cost,keep_all_nondominated,4,3,"C3:(0,1,2);C3:(0,2,2);C3:(2,2,2)"
C3,chain_closure_only,middle_heavy,moved_points_cost,dedup_equal_points,4,3,"C3:(0,1,2);C3:(0,2,2);C3:(2,2,2)"
C3,chain_closure_only,middle_heavy,total_rank_lift_cost,keep_all_nondominated,4,3,"C3:(0,1,2);C3:(0,2,2);C3:(2,2,2)"
C3,chain_closure_only,middle_heavy,total_rank_lift_cost,dedup_equal_points,4,3,"C3:(0,1,2);C3:(0,2,2);C3:(2,2,2)"
C3,chain_closure_only,middle_heavy,average_rank_lift_cost,keep_all_nondominated,4,3,"C3:(0,1,2);C3:(0,2,2);C3:(2,2,2)"
C3,chain_closure_only,middle_heavy,average_rank_lift_cost,dedup_equal_points,4,3,"C3:(0,1,2);C3:(0,2,2);C3:(2,2,2)"
C3,chain_closure_only,middle_heavy,normalized_total_rank_lift_cost,keep_all_nondominated,4,3,"C3:(0,1,2);C3:(0,2,2);C3:(2,2,2)"
C3,chain_closure_only,middle_heavy,normalized_total_rank_lift_cost,dedup_equal_points,4,3,"C3:(0,1,2);C3:(0,2,2);C3:(2,2,2)"
C3,chain_step_family,uniform,moved_points_cost,keep_all_nondominated,3,3,"C3:(0,1,2);C3:(1,2,2);C3:(2,2,2)"
C3,chain_step_family,uniform,moved_points_cost,dedup_equal_points,3,2,"C3:(0,1,2);C3:(1,2,2)"
C3,chain_step_family,uniform,total_rank_lift_cost,keep_all_nondominated,3,2,"C3:(0,1,2);C3:(1,2,2)"
C3,chain_step_family,uniform,total_rank_lift_cost,dedup_equal_points,3,2,"C3:(0,1,2);C3:(1,2,2)"
C3,chain_step_family,uniform,average_rank_lift_cost,keep_all_nondominated,3,2,"C3:(0,1,2);C3:(1,2,2)"
C3,chain_step_family,uniform,average_rank_lift_cost,dedup_equal_points,3,2,"C3:(0,1,2);C3:(1,2,2)"
C3,chain_step_family,uniform,normalized_total_rank_lift_cost,keep_all_nondominated,3,2,"C3:(0,1,2);C3:(1,2,2)"
C3,chain_step_family,uniform,normalized_total_rank_lift_cost,dedup_equal_points,3,2,"C3:(0,1,2);C3:(1,2,2)"
C3,chain_step_family,top_heavy,moved_points_cost,keep_all_nondominated,3,3,"C3:(0,1,2);C3:(1,2,2);C3:(2,2,2)"
C3,chain_step_family,top_heavy,moved_points_cost,dedup_equal_points,3,2,"C3:(0,1,2);C3:(1,2,2)"
C3,chain_step_family,top_heavy,total_rank_lift_cost,keep_all_nondominated,3,2,"C3:(0,1,2);C3:(1,2,2)"
C3,chain_step_family,top_heavy,total_rank_lift_cost,dedup_equal_points,3,2,"C3:(0,1,2);C3:(1,2,2)"
C3,chain_step_family,top_heavy,average_rank_lift_cost,keep_all_nondominated,3,2,"C3:(0,1,2);C3:(1,2,2)"
C3,chain_step_family,top_heavy,average_rank_lift_cost,dedup_equal_points,3,2,"C3:(0,1,2);C3:(1,2,2)"
C3,chain_step_family,top_heavy,normalized_total_rank_lift_cost,keep_all_nondominated,3,2,"C3:(0,1,2);C3:(1,2,2)"
C3,chain_step_family,top_heavy,normalized_total_rank_lift_cost,dedup_equal_points,3,2,"C3:(0,1,2);C3:(1,2,2)"
C3,chain_step_family,bottom_heavy,moved_points_cost,keep_all_nondominated,3,3,"C3:(0,1,2);C3:(1,2,2);C3:(2,2,2)"
C3,chain_step_family,bottom_heavy,moved_points_cost,dedup_equal_points,3,2,"C3:(0,1,2);C3:(1,2,2)"
C3,chain_step_family,bottom_heavy,total_rank_lift_cost,keep_all_nondominated,3,2,"C3:(0,1,2);C3:(1,2,2)"
C3,chain_step_family,bottom_heavy,total_rank_lift_cost,dedup_equal_points,3,2,"C3:(0,1,2);C3:(1,2,2)"
C3,chain_step_family,bottom_heavy,average_rank_lift_cost,keep_all_nondominated,3,2,"C3:(0,1,2);C3:(1,2,2)"
C3,chain_step_family,bottom_heavy,average_rank_lift_cost,dedup_equal_points,3,2,"C3:(0,1,2);C3:(1,2,2)"
C3,chain_step_family,bottom_heavy,normalized_total_rank_lift_cost,keep_all_nondominated,3,2,"C3:(0,1,2);C3:(1,2,2)"
C3,chain_step_family,bottom_heavy,normalized_total_rank_lift_cost,dedup_equal_points,3,2,"C3:(0,1,2);C3:(1,2,2)"
C3,chain_step_family,middle_heavy,moved_points_cost,keep_all_nondominated,3,3,"C3:(0,1,2);C3:(1,2,2);C3:(2,2,2)"
C3,chain_step_family,middle_heavy,moved_points_cost,dedup_equal_points,3,2,"C3:(0,1,2);C3:(1,2,2)"
C3,chain_step_family,middle_heavy,total_rank_lift_cost,keep_all_nondominated,3,2,"C3:(0,1,2);C3:(1,2,2)"
C3,chain_step_family,middle_heavy,total_rank_lift_cost,dedup_equal_points,3,2,"C3:(0,1,2);C3:(1,2,2)"
C3,chain_step_family,middle_heavy,average_rank_lift_cost,keep_all_nondominated,3,2,"C3:(0,1,2);C3:(1,2,2)"
C3,chain_step_family,middle_heavy,average_rank_lift_cost,dedup_equal_points,3,2,"C3:(0,1,2);C3:(1,2,2)"
C3,chain_step_family,middle_heavy,normalized_total_rank_lift_cost,keep_all_nondominated,3,2,"C3:(0,1,2);C3:(1,2,2)"
C3,chain_step_family,middle_heavy,normalized_total_rank_lift_cost,dedup_equal_points,3,2,"C3:(0,1,2);C3:(1,2,2)"
C4,chain_all_monotone_inflationary,uniform,moved_points_cost,keep_all_nondominated,14,14,"C4:(0,1,2,3);C4:(0,1,3,3);C4:(0,2,2,3);C4:(0,2,3,3);C4:(0,3,3,3);C4:(1,1,2,3);C4:(1,1,3,3);C4:(1,2,2,3);C4:(1,2,3,3);C4:(1,3,3,3);C4:(2,2,2,3);C4:(2,2,3,3);C4:(2,3,3,3);C4:(3,3,3,3)"
C4,chain_all_monotone_inflationary,uniform,moved_points_cost,dedup_equal_points,14,4,"C4:(0,1,2,3);C4:(0,1,3,3);C4:(0,2,3,3);C4:(1,2,3,3)"
C4,chain_all_monotone_inflationary,uniform,total_rank_lift_cost,keep_all_nondominated,14,8,"C4:(0,1,2,3);C4:(0,1,3,3);C4:(0,2,2,3);C4:(0,2,3,3);C4:(1,1,2,3);C4:(1,1,3,3);C4:(1,2,2,3);C4:(1,2,3,3)"
C4,chain_all_monotone_inflationary,uniform,total_rank_lift_cost,dedup_equal_points,14,4,"C4:(0,1,2,3);C4:(0,1,3,3);C4:(0,2,3,3);C4:(1,2,3,3)"
C4,chain_all_monotone_inflationary,uniform,average_rank_lift_cost,keep_all_nondominated,14,8,"C4:(0,1,2,3);C4:(0,1,3,3);C4:(0,2,2,3);C4:(0,2,3,3);C4:(1,1,2,3);C4:(1,1,3,3);C4:(1,2,2,3);C4:(1,2,3,3)"
C4,chain_all_monotone_inflationary,uniform,average_rank_lift_cost,dedup_equal_points,14,4,"C4:(0,1,2,3);C4:(0,1,3,3);C4:(0,2,3,3);C4:(1,2,3,3)"
C4,chain_all_monotone_inflationary,uniform,normalized_total_rank_lift_cost,keep_all_nondominated,14,8,"C4:(0,1,2,3);C4:(0,1,3,3);C4:(0,2,2,3);C4:(0,2,3,3);C4:(1,1,2,3);C4:(1,1,3,3);C4:(1,2,2,3);C4:(1,2,3,3)"
C4,chain_all_monotone_inflationary,uniform,normalized_total_rank_lift_cost,dedup_equal_points,14,4,"C4:(0,1,2,3);C4:(0,1,3,3);C4:(0,2,3,3);C4:(1,2,3,3)"
C4,chain_all_monotone_inflationary,top_heavy,moved_points_cost,keep_all_nondominated,14,9,"C4:(0,1,2,3);C4:(0,1,3,3);C4:(0,2,3,3);C4:(0,3,3,3);C4:(1,2,3,3);C4:(1,3,3,3);C4:(2,2,3,3);C4:(2,3,3,3);C4:(3,3,3,3)"
C4,chain_all_monotone_inflationary,top_heavy,moved_points_cost,dedup_equal_points,14,4,"C4:(0,1,2,3);C4:(0,1,3,3);C4:(0,2,3,3);C4:(1,2,3,3)"
C4,chain_all_monotone_inflationary,top_heavy,total_rank_lift_cost,keep_all_nondominated,14,4,"C4:(0,1,2,3);C4:(0,1,3,3);C4:(0,2,3,3);C4:(1,2,3,3)"
C4,chain_all_monotone_inflationary,top_heavy,total_rank_lift_cost,dedup_equal_points,14,4,"C4:(0,1,2,3);C4:(0,1,3,3);C4:(0,2,3,3);C4:(1,2,3,3)"
C4,chain_all_monotone_inflationary,top_heavy,average_rank_lift_cost,keep_all_nondominated,14,4,"C4:(0,1,2,3);C4:(0,1,3,3);C4:(0,2,3,3);C4:(1,2,3,3)"
C4,chain_all_monotone_inflationary,top_heavy,average_rank_lift_cost,dedup_equal_points,14,4,"C4:(0,1,2,3);C4:(0,1,3,3);C4:(0,2,3,3);C4:(1,2,3,3)"
C4,chain_all_monotone_inflationary,top_heavy,normalized_total_rank_lift_cost,keep_all_nondominated,14,4,"C4:(0,1,2,3);C4:(0,1,3,3);C4:(0,2,3,3);C4:(1,2,3,3)"
C4,chain_all_monotone_inflationary,top_heavy,normalized_total_rank_lift_cost,dedup_equal_points,14,4,"C4:(0,1,2,3);C4:(0,1,3,3);C4:(0,2,3,3);C4:(1,2,3,3)"
C4,chain_all_monotone_inflationary,bottom_heavy,moved_points_cost,keep_all_nondominated,14,9,"C4:(0,1,2,3);C4:(1,1,2,3);C4:(1,2,2,3);C4:(1,2,3,3);C4:(1,3,3,3);C4:(2,2,2,3);C4:(2,2,3,3);C4:(2,3,3,3);C4:(3,3,3,3)"
C4,chain_all_monotone_inflationary,bottom_heavy,moved_points_cost,dedup_equal_points,14,4,"C4:(0,1,2,3);C4:(1,1,2,3);C4:(1,2,2,3);C4:(1,2,3,3)"
C4,chain_all_monotone_inflationary,bottom_heavy,total_rank_lift_cost,keep_all_nondominated,14,4,"C4:(0,1,2,3);C4:(1,1,2,3);C4:(1,2,2,3);C4:(1,2,3,3)"
C4,chain_all_monotone_inflationary,bottom_heavy,total_rank_lift_cost,dedup_equal_points,14,4,"C4:(0,1,2,3);C4:(1,1,2,3);C4:(1,2,2,3);C4:(1,2,3,3)"
C4,chain_all_monotone_inflationary,bottom_heavy,average_rank_lift_cost,keep_all_nondominated,14,4,"C4:(0,1,2,3);C4:(1,1,2,3);C4:(1,2,2,3);C4:(1,2,3,3)"
C4,chain_all_monotone_inflationary,bottom_heavy,average_rank_lift_cost,dedup_equal_points,14,4,"C4:(0,1,2,3);C4:(1,1,2,3);C4:(1,2,2,3);C4:(1,2,3,3)"
C4,chain_all_monotone_inflationary,bottom_heavy,normalized_total_rank_lift_cost,keep_all_nondominated,14,4,"C4:(0,1,2,3);C4:(1,1,2,3);C4:(1,2,2,3);C4:(1,2,3,3)"
C4,chain_all_monotone_inflationary,bottom_heavy,normalized_total_rank_lift_cost,dedup_equal_points,14,4,"C4:(0,1,2,3);C4:(1,1,2,3);C4:(1,2,2,3);C4:(1,2,3,3)"
C4,chain_all_monotone_inflationary,middle_heavy,moved_points_cost,keep_all_nondominated,14,10,"C4:(0,1,2,3);C4:(0,1,3,3);C4:(0,2,2,3);C4:(0,2,3,3);C4:(0,3,3,3);C4:(1,2,3,3);C4:(1,3,3,3);C4:(2,2,3,3);C4:(2,3,3,3);C4:(3,3,3,3)"
C4,chain_all_monotone_inflationary,middle_heavy,moved_points_cost,dedup_equal_points,14,4,"C4:(0,1,2,3);C4:(0,1,3,3);C4:(0,2,3,3);C4:(1,2,3,3)"
C4,chain_all_monotone_inflationary,middle_heavy,total_rank_lift_cost,keep_all_nondominated,14,5,"C4:(0,1,2,3);C4:(0,1,3,3);C4:(0,2,2,3);C4:(0,2,3,3);C4:(1,2,3,3)"
C4,chain_all_monotone_inflationary,middle_heavy,total_rank_lift_cost,dedup_equal_points,14,4,"C4:(0,1,2,3);C4:(0,1,3,3);C4:(0,2,3,3);C4:(1,2,3,3)"
C4,chain_all_monotone_inflationary,middle_heavy,average_rank_lift_cost,keep_all_nondominated,14,5,"C4:(0,1,2,3);C4:(0,1,3,3);C4:(0,2,2,3);C4:(0,2,3,3);C4:(1,2,3,3)"
C4,chain_all_monotone_inflationary,middle_heavy,average_rank_lift_cost,dedup_equal_points,14,4,"C4:(0,1,2,3);C4:(0,1,3,3);C4:(0,2,3,3);C4:(1,2,3,3)"
C4,chain_all_monotone_inflationary,middle_heavy,normalized_total_rank_lift_cost,keep_all_nondominated,14,5,"C4:(0,1,2,3);C4:(0,1,3,3);C4:(0,2,2,3);C4:(0,2,3,3);C4:(1,2,3,3)"
C4,chain_all_monotone_inflationary,middle_heavy,normalized_total_rank_lift_cost,dedup_equal_points,14,4,"C4:(0,1,2,3);C4:(0,1,3,3);C4:(0,2,3,3);C4:(1,2,3,3)"
C4,chain_closure_only,uniform,moved_points_cost,keep_all_nondominated,8,8,"C4:(0,1,2,3);C4:(0,1,3,3);C4:(0,2,2,3);C4:(0,3,3,3);C4:(1,1,2,3);C4:(1,1,3,3);C4:(2,2,2,3);C4:(3,3,3,3)"
C4,chain_closure_only,uniform,moved_points_cost,dedup_equal_points,8,4,"C4:(0,1,2,3);C4:(0,1,3,3);C4:(0,3,3,3);C4:(3,3,3,3)"
C4,chain_closure_only,uniform,total_rank_lift_cost,keep_all_nondominated,8,6,"C4:(0,1,2,3);C4:(0,1,3,3);C4:(0,2,2,3);C4:(1,1,2,3);C4:(1,1,3,3);C4:(3,3,3,3)"
C4,chain_closure_only,uniform,total_rank_lift_cost,dedup_equal_points,8,4,"C4:(0,1,2,3);C4:(0,1,3,3);C4:(1,1,3,3);C4:(3,3,3,3)"
C4,chain_closure_only,uniform,average_rank_lift_cost,keep_all_nondominated,8,6,"C4:(0,1,2,3);C4:(0,1,3,3);C4:(0,2,2,3);C4:(1,1,2,3);C4:(1,1,3,3);C4:(3,3,3,3)"
C4,chain_closure_only,uniform,average_rank_lift_cost,dedup_equal_points,8,4,"C4:(0,1,2,3);C4:(0,1,3,3);C4:(1,1,3,3);C4:(3,3,3,3)"
C4,chain_closure_only,uniform,normalized_total_rank_lift_cost,keep_all_nondominated,8,6,"C4:(0,1,2,3);C4:(0,1,3,3);C4:(0,2,2,3);C4:(1,1,2,3);C4:(1,1,3,3);C4:(3,3,3,3)"
C4,chain_closure_only,uniform,normalized_total_rank_lift_cost,dedup_equal_points,8,4,"C4:(0,1,2,3);C4:(0,1,3,3);C4:(1,1,3,3);C4:(3,3,3,3)"
C4,chain_closure_only,top_heavy,moved_points_cost,keep_all_nondominated,8,4,"C4:(0,1,2,3);C4:(0,1,3,3);C4:(0,3,3,3);C4:(3,3,3,3)"
C4,chain_closure_only,top_heavy,moved_points_cost,dedup_equal_points,8,4,"C4:(0,1,2,3);C4:(0,1,3,3);C4:(0,3,3,3);C4:(3,3,3,3)"
C4,chain_closure_only,top_heavy,total_rank_lift_cost,keep_all_nondominated,8,5,"C4:(0,1,2,3);C4:(0,1,3,3);C4:(0,3,3,3);C4:(1,1,3,3);C4:(3,3,3,3)"
C4,chain_closure_only,top_heavy,total_rank_lift_cost,dedup_equal_points,8,5,"C4:(0,1,2,3);C4:(0,1,3,3);C4:(0,3,3,3);C4:(1,1,3,3);C4:(3,3,3,3)"
C4,chain_closure_only,top_heavy,average_rank_lift_cost,keep_all_nondominated,8,5,"C4:(0,1,2,3);C4:(0,1,3,3);C4:(0,3,3,3);C4:(1,1,3,3);C4:(3,3,3,3)"
C4,chain_closure_only,top_heavy,average_rank_lift_cost,dedup_equal_points,8,5,"C4:(0,1,2,3);C4:(0,1,3,3);C4:(0,3,3,3);C4:(1,1,3,3);C4:(3,3,3,3)"
C4,chain_closure_only,top_heavy,normalized_total_rank_lift_cost,keep_all_nondominated,8,5,"C4:(0,1,2,3);C4:(0,1,3,3);C4:(0,3,3,3);C4:(1,1,3,3);C4:(3,3,3,3)"
C4,chain_closure_only,top_heavy,normalized_total_rank_lift_cost,dedup_equal_points,8,5,"C4:(0,1,2,3);C4:(0,1,3,3);C4:(0,3,3,3);C4:(1,1,3,3);C4:(3,3,3,3)"
C4,chain_closure_only,bottom_heavy,moved_points_cost,keep_all_nondominated,8,4,"C4:(0,1,2,3);C4:(1,1,2,3);C4:(2,2,2,3);C4:(3,3,3,3)"
C4,chain_closure_only,bottom_heavy,moved_points_cost,dedup_equal_points,8,4,"C4:(0,1,2,3);C4:(1,1,2,3);C4:(2,2,2,3);C4:(3,3,3,3)"
C4,chain_closure_only,bottom_heavy,total_rank_lift_cost,keep_all_nondominated,8,5,"C4:(0,1,2,3);C4:(1,1,2,3);C4:(1,1,3,3);C4:(2,2,2,3);C4:(3,3,3,3)"
C4,chain_closure_only,bottom_heavy,total_rank_lift_cost,dedup_equal_points,8,5,"C4:(0,1,2,3);C4:(1,1,2,3);C4:(1,1,3,3);C4:(2,2,2,3);C4:(3,3,3,3)"
C4,chain_closure_only,bottom_heavy,average_rank_lift_cost,keep_all_nondominated,8,5,"C4:(0,1,2,3);C4:(1,1,2,3);C4:(1,1,3,3);C4:(2,2,2,3);C4:(3,3,3,3)"
C4,chain_closure_only,bottom_heavy,average_rank_lift_cost,dedup_equal_points,8,5,"C4:(0,1,2,3);C4:(1,1,2,3);C4:(1,1,3,3);C4:(2,2,2,3);C4:(3,3,3,3)"
C4,chain_closure_only,bottom_heavy,normalized_total_rank_lift_cost,keep_all_nondominated,8,5,"C4:(0,1,2,3);C4:(1,1,2,3);C4:(1,1,3,3);C4:(2,2,2,3);C4:(3,3,3,3)"
C4,chain_closure_only,bottom_heavy,normalized_total_rank_lift_cost,dedup_equal_points,8,5,"C4:(0,1,2,3);C4:(1,1,2,3);C4:(1,1,3,3);C4:(2,2,2,3);C4:(3,3,3,3)"
C4,chain_closure_only,middle_heavy,moved_points_cost,keep_all_nondominated,8,5,"C4:(0,1,2,3);C4:(0,1,3,3);C4:(0,2,2,3);C4:(0,3,3,3);C4:(3,3,3,3)"
C4,chain_closure_only,middle_heavy,moved_points_cost,dedup_equal_points,8,4,"C4:(0,1,2,3);C4:(0,1,3,3);C4:(0,3,3,3);C4:(3,3,3,3)"
C4,chain_closure_only,middle_heavy,total_rank_lift_cost,keep_all_nondominated,8,6,"C4:(0,1,2,3);C4:(0,1,3,3);C4:(0,2,2,3);C4:(0,3,3,3);C4:(1,1,3,3);C4:(3,3,3,3)"
C4,chain_closure_only,middle_heavy,total_rank_lift_cost,dedup_equal_points,8,5,"C4:(0,1,2,3);C4:(0,1,3,3);C4:(0,3,3,3);C4:(1,1,3,3);C4:(3,3,3,3)"
C4,chain_closure_only,middle_heavy,average_rank_lift_cost,keep_all_nondominated,8,6,"C4:(0,1,2,3);C4:(0,1,3,3);C4:(0,2,2,3);C4:(0,3,3,3);C4:(1,1,3,3);C4:(3,3,3,3)"
C4,chain_closure_only,middle_heavy,average_rank_lift_cost,dedup_equal_points,8,5,"C4:(0,1,2,3);C4:(0,1,3,3);C4:(0,3,3,3);C4:(1,1,3,3);C4:(3,3,3,3)"
C4,chain_closure_only,middle_heavy,normalized_total_rank_lift_cost,keep_all_nondominated,8,6,"C4:(0,1,2,3);C4:(0,1,3,3);C4:(0,2,2,3);C4:(0,3,3,3);C4:(1,1,3,3);C4:(3,3,3,3)"
C4,chain_closure_only,middle_heavy,normalized_total_rank_lift_cost,dedup_equal_points,8,5,"C4:(0,1,2,3);C4:(0,1,3,3);C4:(0,3,3,3);C4:(1,1,3,3);C4:(3,3,3,3)"
C4,chain_step_family,uniform,moved_points_cost,keep_all_nondominated,4,4,"C4:(0,1,2,3);C4:(1,2,3,3);C4:(2,3,3,3);C4:(3,3,3,3)"
C4,chain_step_family,uniform,moved_points_cost,dedup_equal_points,4,2,"C4:(0,1,2,3);C4:(1,2,3,3)"
C4,chain_step_family,uniform,total_rank_lift_cost,keep_all_nondominated,4,2,"C4:(0,1,2,3);C4:(1,2,3,3)"
C4,chain_step_family,uniform,total_rank_lift_cost,dedup_equal_points,4,2,"C4:(0,1,2,3);C4:(1,2,3,3)"
C4,chain_step_family,uniform,average_rank_lift_cost,keep_all_nondominated,4,2,"C4:(0,1,2,3);C4:(1,2,3,3)"
C4,chain_step_family,uniform,average_rank_lift_cost,dedup_equal_points,4,2,"C4:(0,1,2,3);C4:(1,2,3,3)"
C4,chain_step_family,uniform,normalized_total_rank_lift_cost,keep_all_nondominated,4,2,"C4:(0,1,2,3);C4:(1,2,3,3)"
C4,chain_step_family,uniform,normalized_total_rank_lift_cost,dedup_equal_points,4,2,"C4:(0,1,2,3);C4:(1,2,3,3)"
C4,chain_step_family,top_heavy,moved_points_cost,keep_all_nondominated,4,4,"C4:(0,1,2,3);C4:(1,2,3,3);C4:(2,3,3,3);C4:(3,3,3,3)"
C4,chain_step_family,top_heavy,moved_points_cost,dedup_equal_points,4,2,"C4:(0,1,2,3);C4:(1,2,3,3)"
C4,chain_step_family,top_heavy,total_rank_lift_cost,keep_all_nondominated,4,2,"C4:(0,1,2,3);C4:(1,2,3,3)"
C4,chain_step_family,top_heavy,total_rank_lift_cost,dedup_equal_points,4,2,"C4:(0,1,2,3);C4:(1,2,3,3)"
C4,chain_step_family,top_heavy,average_rank_lift_cost,keep_all_nondominated,4,2,"C4:(0,1,2,3);C4:(1,2,3,3)"
C4,chain_step_family,top_heavy,average_rank_lift_cost,dedup_equal_points,4,2,"C4:(0,1,2,3);C4:(1,2,3,3)"
C4,chain_step_family,top_heavy,normalized_total_rank_lift_cost,keep_all_nondominated,4,2,"C4:(0,1,2,3);C4:(1,2,3,3)"
C4,chain_step_family,top_heavy,normalized_total_rank_lift_cost,dedup_equal_points,4,2,"C4:(0,1,2,3);C4:(1,2,3,3)"
C4,chain_step_family,bottom_heavy,moved_points_cost,keep_all_nondominated,4,4,"C4:(0,1,2,3);C4:(1,2,3,3);C4:(2,3,3,3);C4:(3,3,3,3)"
C4,chain_step_family,bottom_heavy,moved_points_cost,dedup_equal_points,4,2,"C4:(0,1,2,3);C4:(1,2,3,3)"
C4,chain_step_family,bottom_heavy,total_rank_lift_cost,keep_all_nondominated,4,2,"C4:(0,1,2,3);C4:(1,2,3,3)"
C4,chain_step_family,bottom_heavy,total_rank_lift_cost,dedup_equal_points,4,2,"C4:(0,1,2,3);C4:(1,2,3,3)"
C4,chain_step_family,bottom_heavy,average_rank_lift_cost,keep_all_nondominated,4,2,"C4:(0,1,2,3);C4:(1,2,3,3)"
C4,chain_step_family,bottom_heavy,average_rank_lift_cost,dedup_equal_points,4,2,"C4:(0,1,2,3);C4:(1,2,3,3)"
C4,chain_step_family,bottom_heavy,normalized_total_rank_lift_cost,keep_all_nondominated,4,2,"C4:(0,1,2,3);C4:(1,2,3,3)"
C4,chain_step_family,bottom_heavy,normalized_total_rank_lift_cost,dedup_equal_points,4,2,"C4:(0,1,2,3);C4:(1,2,3,3)"
C4,chain_step_family,middle_heavy,moved_points_cost,keep_all_nondominated,4,4,"C4:(0,1,2,3);C4:(1,2,3,3);C4:(2,3,3,3);C4:(3,3,3,3)"
C4,chain_step_family,middle_heavy,moved_points_cost,dedup_equal_points,4,2,"C4:(0,1,2,3);C4:(1,2,3,3)"
C4,chain_step_family,middle_heavy,total_rank_lift_cost,keep_all_nondominated,4,2,"C4:(0,1,2,3);C4:(1,2,3,3)"
C4,chain_step_family,middle_heavy,total_rank_lift_cost,dedup_equal_points,4,2,"C4:(0,1,2,3);C4:(1,2,3,3)"
C4,chain_step_family,middle_heavy,average_rank_lift_cost,keep_all_nondominated,4,2,"C4:(0,1,2,3);C4:(1,2,3,3)"
C4,chain_step_family,middle_heavy,average_rank_lift_cost,dedup_equal_points,4,2,"C4:(0,1,2,3);C4:(1,2,3,3)"
C4,chain_step_family,middle_heavy,normalized_total_rank_lift_cost,keep_all_nondominated,4,2,"C4:(0,1,2,3);C4:(1,2,3,3)"
C4,chain_step_family,middle_heavy,normalized_total_rank_lift_cost,dedup_equal_points,4,2,"C4:(0,1,2,3);C4:(1,2,3,3)"
C5,chain_all_monotone_inflationary,uniform,moved_points_cost,keep_all_nondominated,42,42,"C5:(0,1,2,3,4);C5:(0,1,2,4,4);C5:(0,1,3,3,4);C5:(0,1,3,4,4);C5:(0,1,4,4,4);C5:(0,2,2,3,4);C5:(0,2,2,4,4);C5:(0,2,3,3,4);C5:(0,2,3,4,4);C5:(0,2,4,4,4);C5:(0,3,3,3,4);C5:(0,3,3,4,4);C5:(0,3,4,4,4);C5:(0,4,4,4,4);C5:(1,1,2,3,4);C5:(1,1,2,4,4);C5:(1,1,3,3,4);C5:(1,1,3,4,4);C5:(1,1,4,4,4);C5:(1,2,2,3,4);C5:(1,2,2,4,4);C5:(1,2,3,3,4);C5:(1,2,3,4,4);C5:(1,2,4,4,4);C5:(1,3,3,3,4);C5:(1,3,3,4,4);C5:(1,3,4,4,4);C5:(1,4,4,4,4);C5:(2,2,2,3,4);C5:(2,2,2,4,4);C5:(2,2,3,3,4);C5:(2,2,3,4,4);C5:(2,2,4,4,4);C5:(2,3,3,3,4);C5:(2,3,3,4,4);C5:(2,3,4,4,4);C5:(2,4,4,4,4);C5:(3,3,3,3,4);C5:(3,3,3,4,4);C5:(3,3,4,4,4);C5:(3,4,4,4,4);C5:(4,4,4,4,4)"
C5,chain_all_monotone_inflationary,uniform,moved_points_cost,dedup_equal_points,42,5,"C5:(0,1,2,3,4);C5:(0,1,2,4,4);C5:(0,1,3,4,4);C5:(0,2,3,4,4);C5:(1,2,3,4,4)"
C5,chain_all_monotone_inflationary,uniform,total_rank_lift_cost,keep_all_nondominated,42,16,"C5:(0,1,2,3,4);C5:(0,1,2,4,4);C5:(0,1,3,3,4);C5:(0,1,3,4,4);C5:(0,2,2,3,4);C5:(0,2,2,4,4);C5:(0,2,3,3,4);C5:(0,2,3,4,4);C5:(1,1,2,3,4);C5:(1,1,2,4,4);C5:(1,1,3,3,4);C5:(1,1,3,4,4);C5:(1,2,2,3,4);C5:(1,2,2,4,4);C5:(1,2,3,3,4);C5:(1,2,3,4,4)"
C5,chain_all_monotone_inflationary,uniform,total_rank_lift_cost,dedup_equal_points,42,5,"C5:(0,1,2,3,4);C5:(0,1,2,4,4);C5:(0,1,3,4,4);C5:(0,2,3,4,4);C5:(1,2,3,4,4)"
C5,chain_all_monotone_inflationary,uniform,average_rank_lift_cost,keep_all_nondominated,42,16,"C5:(0,1,2,3,4);C5:(0,1,2,4,4);C5:(0,1,3,3,4);C5:(0,1,3,4,4);C5:(0,2,2,3,4);C5:(0,2,2,4,4);C5:(0,2,3,3,4);C5:(0,2,3,4,4);C5:(1,1,2,3,4);C5:(1,1,2,4,4);C5:(1,1,3,3,4);C5:(1,1,3,4,4);C5:(1,2,2,3,4);C5:(1,2,2,4,4);C5:(1,2,3,3,4);C5:(1,2,3,4,4)"
C5,chain_all_monotone_inflationary,uniform,average_rank_lift_cost,dedup_equal_points,42,5,"C5:(0,1,2,3,4);C5:(0,1,2,4,4);C5:(0,1,3,4,4);C5:(0,2,3,4,4);C5:(1,2,3,4,4)"
C5,chain_all_monotone_inflationary,uniform,normalized_total_rank_lift_cost,keep_all_nondominated,42,16,"C5:(0,1,2,3,4);C5:(0,1,2,4,4);C5:(0,1,3,3,4);C5:(0,1,3,4,4);C5:(0,2,2,3,4);C5:(0,2,2,4,4);C5:(0,2,3,3,4);C5:(0,2,3,4,4);C5:(1,1,2,3,4);C5:(1,1,2,4,4);C5:(1,1,3,3,4);C5:(1,1,3,4,4);C5:(1,2,2,3,4);C5:(1,2,2,4,4);C5:(1,2,3,3,4);C5:(1,2,3,4,4)"
C5,chain_all_monotone_inflationary,uniform,normalized_total_rank_lift_cost,dedup_equal_points,42,5,"C5:(0,1,2,3,4);C5:(0,1,2,4,4);C5:(0,1,3,4,4);C5:(0,2,3,4,4);C5:(1,2,3,4,4)"
C5,chain_all_monotone_inflationary,top_heavy,moved_points_cost,keep_all_nondominated,42,23,"C5:(0,1,2,3,4);C5:(0,1,2,4,4);C5:(0,1,3,4,4);C5:(0,1,4,4,4);C5:(0,2,3,4,4);C5:(0,2,4,4,4);C5:(0,3,3,4,4);C5:(0,3,4,4,4);C5:(0,4,4,4,4);C5:(1,2,3,4,4);C5:(1,2,4,4,4);C5:(1,3,3,4,4);C5:(1,3,4,4,4);C5:(1,4,4,4,4);C5:(2,2,3,4,4);C5:(2,2,4,4,4);C5:(2,3,3,4,4);C5:(2,3,4,4,4);C5:(2,4,4,4,4);C5:(3,3,3,4,4);C5:(3,3,4,4,4);C5:(3,4,4,4,4);C5:(4,4,4,4,4)"
C5,chain_all_monotone_inflationary,top_heavy,moved_points_cost,dedup_equal_points,42,5,"C5:(0,1,2,3,4);C5:(0,1,2,4,4);C5:(0,1,3,4,4);C5:(0,2,3,4,4);C5:(1,2,3,4,4)"
C5,chain_all_monotone_inflationary,top_heavy,total_rank_lift_cost,keep_all_nondominated,42,5,"C5:(0,1,2,3,4);C5:(0,1,2,4,4);C5:(0,1,3,4,4);C5:(0,2,3,4,4);C5:(1,2,3,4,4)"
C5,chain_all_monotone_inflationary,top_heavy,total_rank_lift_cost,dedup_equal_points,42,5,"C5:(0,1,2,3,4);C5:(0,1,2,4,4);C5:(0,1,3,4,4);C5:(0,2,3,4,4);C5:(1,2,3,4,4)"
C5,chain_all_monotone_inflationary,top_heavy,average_rank_lift_cost,keep_all_nondominated,42,5,"C5:(0,1,2,3,4);C5:(0,1,2,4,4);C5:(0,1,3,4,4);C5:(0,2,3,4,4);C5:(1,2,3,4,4)"
C5,chain_all_monotone_inflationary,top_heavy,average_rank_lift_cost,dedup_equal_points,42,5,"C5:(0,1,2,3,4);C5:(0,1,2,4,4);C5:(0,1,3,4,4);C5:(0,2,3,4,4);C5:(1,2,3,4,4)"
C5,chain_all_monotone_inflationary,top_heavy,normalized_total_rank_lift_cost,keep_all_nondominated,42,5,"C5:(0,1,2,3,4);C5:(0,1,2,4,4);C5:(0,1,3,4,4);C5:(0,2,3,4,4);C5:(1,2,3,4,4)"
C5,chain_all_monotone_inflationary,top_heavy,normalized_total_rank_lift_cost,dedup_equal_points,42,5,"C5:(0,1,2,3,4);C5:(0,1,2,4,4);C5:(0,1,3,4,4);C5:(0,2,3,4,4);C5:(1,2,3,4,4)"
C5,chain_all_monotone_inflationary,bottom_heavy,moved_points_cost,keep_all_nondominated,42,23,"C5:(0,1,2,3,4);C5:(1,1,2,3,4);C5:(1,2,2,3,4);C5:(1,2,3,3,4);C5:(1,2,3,4,4);C5:(1,2,4,4,4);C5:(1,3,3,3,4);C5:(1,3,3,4,4);C5:(1,3,4,4,4);C5:(1,4,4,4,4);C5:(2,2,2,3,4);C5:(2,2,3,3,4);C5:(2,2,3,4,4);C5:(2,2,4,4,4);C5:(2,3,3,3,4);C5:(2,3,3,4,4);C5:(2,3,4,4,4);C5:(2,4,4,4,4);C5:(3,3,3,3,4);C5:(3,3,3,4,4);C5:(3,3,4,4,4);C5:(3,4,4,4,4);C5:(4,4,4,4,4)"
C5,chain_all_monotone_inflationary,bottom_heavy,moved_points_cost,dedup_equal_points,42,5,"C5:(0,1,2,3,4);C5:(1,1,2,3,4);C5:(1,2,2,3,4);C5:(1,2,3,3,4);C5:(1,2,3,4,4)"
C5,chain_all_monotone_inflationary,bottom_heavy,total_rank_lift_cost,keep_all_nondominated,42,5,"C5:(0,1,2,3,4);C5:(1,1,2,3,4);C5:(1,2,2,3,4);C5:(1,2,3,3,4);C5:(1,2,3,4,4)"
C5,chain_all_monotone_inflationary,bottom_heavy,total_rank_lift_cost,dedup_equal_points,42,5,"C5:(0,1,2,3,4);C5:(1,1,2,3,4);C5:(1,2,2,3,4);C5:(1,2,3,3,4);C5:(1,2,3,4,4)"
C5,chain_all_monotone_inflationary,bottom_heavy,average_rank_lift_cost,keep_all_nondominated,42,5,"C5:(0,1,2,3,4);C5:(1,1,2,3,4);C5:(1,2,2,3,4);C5:(1,2,3,3,4);C5:(1,2,3,4,4)"
C5,chain_all_monotone_inflationary,bottom_heavy,average_rank_lift_cost,dedup_equal_points,42,5,"C5:(0,1,2,3,4);C5:(1,1,2,3,4);C5:(1,2,2,3,4);C5:(1,2,3,3,4);C5:(1,2,3,4,4)"
C5,chain_all_monotone_inflationary,bottom_heavy,normalized_total_rank_lift_cost,keep_all_nondominated,42,5,"C5:(0,1,2,3,4);C5:(1,1,2,3,4);C5:(1,2,2,3,4);C5:(1,2,3,3,4);C5:(1,2,3,4,4)"
C5,chain_all_monotone_inflationary,bottom_heavy,normalized_total_rank_lift_cost,dedup_equal_points,42,5,"C5:(0,1,2,3,4);C5:(1,1,2,3,4);C5:(1,2,2,3,4);C5:(1,2,3,3,4);C5:(1,2,3,4,4)"
C5,chain_all_monotone_inflationary,middle_heavy,moved_points_cost,keep_all_nondominated,42,25,"C5:(0,1,2,3,4);C5:(0,1,3,3,4);C5:(0,1,3,4,4);C5:(0,1,4,4,4);C5:(0,2,3,3,4);C5:(0,2,3,4,4);C5:(0,2,4,4,4);C5:(0,3,3,3,4);C5:(0,3,3,4,4);C5:(0,3,4,4,4);C5:(0,4,4,4,4);C5:(1,2,3,4,4);C5:(1,2,4,4,4);C5:(1,3,3,4,4);C5:(1,3,4,4,4);C5:(1,4,4,4,4);C5:(2,2,3,4,4);C5:(2,2,4,4,4);C5:(2,3,3,4,4);C5:(2,3,4,4,4);C5:(2,4,4,4,4);C5:(3,3,3,4,4);C5:(3,3,4,4,4);C5:(3,4,4,4,4);C5:(4,4,4,4,4)"
C5,chain_all_monotone_inflationary,middle_heavy,moved_points_cost,dedup_equal_points,42,5,"C5:(0,1,2,3,4);C5:(0,1,3,3,4);C5:(0,1,3,4,4);C5:(0,2,3,4,4);C5:(1,2,3,4,4)"
C5,chain_all_monotone_inflationary,middle_heavy,total_rank_lift_cost,keep_all_nondominated,42,6,"C5:(0,1,2,3,4);C5:(0,1,3,3,4);C5:(0,1,3,4,4);C5:(0,2,3,3,4);C5:(0,2,3,4,4);C5:(1,2,3,4,4)"
C5,chain_all_monotone_inflationary,middle_heavy,total_rank_lift_cost,dedup_equal_points,42,5,"C5:(0,1,2,3,4);C5:(0,1,3,3,4);C5:(0,1,3,4,4);C5:(0,2,3,4,4);C5:(1,2,3,4,4)"
C5,chain_all_monotone_inflationary,middle_heavy,average_rank_lift_cost,keep_all_nondominated,42,6,"C5:(0,1,2,3,4);C5:(0,1,3,3,4);C5:(0,1,3,4,4);C5:(0,2,3,3,4);C5:(0,2,3,4,4);C5:(1,2,3,4,4)"
C5,chain_all_monotone_inflationary,middle_heavy,average_rank_lift_cost,dedup_equal_points,42,5,"C5:(0,1,2,3,4);C5:(0,1,3,3,4);C5:(0,1,3,4,4);C5:(0,2,3,4,4);C5:(1,2,3,4,4)"
C5,chain_all_monotone_inflationary,middle_heavy,normalized_total_rank_lift_cost,keep_all_nondominated,42,6,"C5:(0,1,2,3,4);C5:(0,1,3,3,4);C5:(0,1,3,4,4);C5:(0,2,3,3,4);C5:(0,2,3,4,4);C5:(1,2,3,4,4)"
C5,chain_all_monotone_inflationary,middle_heavy,normalized_total_rank_lift_cost,dedup_equal_points,42,5,"C5:(0,1,2,3,4);C5:(0,1,3,3,4);C5:(0,1,3,4,4);C5:(0,2,3,4,4);C5:(1,2,3,4,4)"
C5,chain_closure_only,uniform,moved_points_cost,keep_all_nondominated,16,16,"C5:(0,1,2,3,4);C5:(0,1,2,4,4);C5:(0,1,3,3,4);C5:(0,1,4,4,4);C5:(0,2,2,3,4);C5:(0,2,2,4,4);C5:(0,3,3,3,4);C5:(0,4,4,4,4);C5:(1,1,2,3,4);C5:(1,1,2,4,4);C5:(1,1,3,3,4);C5:(1,1,4,4,4);C5:(2,2,2,3,4);C5:(2,2,2,4,4);C5:(3,3,3,3,4);C5:(4,4,4,4,4)"
C5,chain_closure_only,uniform,moved_points_cost,dedup_equal_points,16,5,"C5:(0,1,2,3,4);C5:(0,1,2,4,4);C5:(0,1,4,4,4);C5:(0,4,4,4,4);C5:(4,4,4,4,4)"
C5,chain_closure_only,uniform,total_rank_lift_cost,keep_all_nondominated,16,11,"C5:(0,1,2,3,4);C5:(0,1,2,4,4);C5:(0,1,3,3,4);C5:(0,2,2,3,4);C5:(0,2,2,4,4);C5:(1,1,2,3,4);C5:(1,1,2,4,4);C5:(1,1,3,3,4);C5:(1,1,4,4,4);C5:(2,2,2,4,4);C5:(4,4,4,4,4)"
C5,chain_closure_only,uniform,total_rank_lift_cost,dedup_equal_points,16,5,"C5:(0,1,2,3,4);C5:(0,1,2,4,4);C5:(0,2,2,4,4);C5:(1,1,4,4,4);C5:(4,4,4,4,4)"
C5,chain_closure_only,uniform,average_rank_lift_cost,keep_all_nondominated,16,11,"C5:(0,1,2,3,4);C5:(0,1,2,4,4);C5:(0,1,3,3,4);C5:(0,2,2,3,4);C5:(0,2,2,4,4);C5:(1,1,2,3,4);C5:(1,1,2,4,4);C5:(1,1,3,3,4);C5:(1,1,4,4,4);C5:(2,2,2,4,4);C5:(4,4,4,4,4)"
C5,chain_closure_only,uniform,average_rank_lift_cost,dedup_equal_points,16,5,"C5:(0,1,2,3,4);C5:(0,1,2,4,4);C5:(0,2,2,4,4);C5:(1,1,4,4,4);C5:(4,4,4,4,4)"
C5,chain_closure_only,uniform,normalized_total_rank_lift_cost,keep_all_nondominated,16,11,"C5:(0,1,2,3,4);C5:(0,1,2,4,4);C5:(0,1,3,3,4);C5:(0,2,2,3,4);C5:(0,2,2,4,4);C5:(1,1,2,3,4);C5:(1,1,2,4,4);C5:(1,1,3,3,4);C5:(1,1,4,4,4);C5:(2,2,2,4,4);C5:(4,4,4,4,4)"
C5,chain_closure_only,uniform,normalized_total_rank_lift_cost,dedup_equal_points,16,5,"C5:(0,1,2,3,4);C5:(0,1,2,4,4);C5:(0,2,2,4,4);C5:(1,1,4,4,4);C5:(4,4,4,4,4)"
C5,chain_closure_only,top_heavy,moved_points_cost,keep_all_nondominated,16,5,"C5:(0,1,2,3,4);C5:(0,1,2,4,4);C5:(0,1,4,4,4);C5:(0,4,4,4,4);C5:(4,4,4,4,4)"
C5,chain_closure_only,top_heavy,moved_points_cost,dedup_equal_points,16,5,"C5:(0,1,2,3,4);C5:(0,1,2,4,4);C5:(0,1,4,4,4);C5:(0,4,4,4,4);C5:(4,4,4,4,4)"
C5,chain_closure_only,top_heavy,total_rank_lift_cost,keep_all_nondominated,16,7,"C5:(0,1,2,3,4);C5:(0,1,2,4,4);C5:(0,1,4,4,4);C5:(0,2,2,4,4);C5:(0,4,4,4,4);C5:(1,1,4,4,4);C5:(4,4,4,4,4)"
C5,chain_closure_only,top_heavy,total_rank_lift_cost,dedup_equal_points,16,7,"C5:(0,1,2,3,4);C5:(0,1,2,4,4);C5:(0,1,4,4,4);C5:(0,2,2,4,4);C5:(0,4,4,4,4);C5:(1,1,4,4,4);C5:(4,4,4,4,4)"
C5,chain_closure_only,top_heavy,average_rank_lift_cost,keep_all_nondominated,16,7,"C5:(0,1,2,3,4);C5:(0,1,2,4,4);C5:(0,1,4,4,4);C5:(0,2,2,4,4);C5:(0,4,4,4,4);C5:(1,1,4,4,4);C5:(4,4,4,4,4)"
C5,chain_closure_only,top_heavy,average_rank_lift_cost,dedup_equal_points,16,7,"C5:(0,1,2,3,4);C5:(0,1,2,4,4);C5:(0,1,4,4,4);C5:(0,2,2,4,4);C5:(0,4,4,4,4);C5:(1,1,4,4,4);C5:(4,4,4,4,4)"
C5,chain_closure_only,top_heavy,normalized_total_rank_lift_cost,keep_all_nondominated,16,7,"C5:(0,1,2,3,4);C5:(0,1,2,4,4);C5:(0,1,4,4,4);C5:(0,2,2,4,4);C5:(0,4,4,4,4);C5:(1,1,4,4,4);C5:(4,4,4,4,4)"
C5,chain_closure_only,top_heavy,normalized_total_rank_lift_cost,dedup_equal_points,16,7,"C5:(0,1,2,3,4);C5:(0,1,2,4,4);C5:(0,1,4,4,4);C5:(0,2,2,4,4);C5:(0,4,4,4,4);C5:(1,1,4,4,4);C5:(4,4,4,4,4)"
C5,chain_closure_only,bottom_heavy,moved_points_cost,keep_all_nondominated,16,5,"C5:(0,1,2,3,4);C5:(1,1,2,3,4);C5:(2,2,2,3,4);C5:(3,3,3,3,4);C5:(4,4,4,4,4)"
C5,chain_closure_only,bottom_heavy,moved_points_cost,dedup_equal_points,16,5,"C5:(0,1,2,3,4);C5:(1,1,2,3,4);C5:(2,2,2,3,4);C5:(3,3,3,3,4);C5:(4,4,4,4,4)"
C5,chain_closure_only,bottom_heavy,total_rank_lift_cost,keep_all_nondominated,16,7,"C5:(0,1,2,3,4);C5:(1,1,2,3,4);C5:(1,1,3,3,4);C5:(2,2,2,3,4);C5:(2,2,2,4,4);C5:(3,3,3,3,4);C5:(4,4,4,4,4)"
C5,chain_closure_only,bottom_heavy,total_rank_lift_cost,dedup_equal_points,16,7,"C5:(0,1,2,3,4);C5:(1,1,2,3,4);C5:(1,1,3,3,4);C5:(2,2,2,3,4);C5:(2,2,2,4,4);C5:(3,3,3,3,4);C5:(4,4,4,4,4)"
C5,chain_closure_only,bottom_heavy,average_rank_lift_cost,keep_all_nondominated,16,7,"C5:(0,1,2,3,4);C5:(1,1,2,3,4);C5:(1,1,3,3,4);C5:(2,2,2,3,4);C5:(2,2,2,4,4);C5:(3,3,3,3,4);C5:(4,4,4,4,4)"
C5,chain_closure_only,bottom_heavy,average_rank_lift_cost,dedup_equal_points,16,7,"C5:(0,1,2,3,4);C5:(1,1,2,3,4);C5:(1,1,3,3,4);C5:(2,2,2,3,4);C5:(2,2,2,4,4);C5:(3,3,3,3,4);C5:(4,4,4,4,4)"
C5,chain_closure_only,bottom_heavy,normalized_total_rank_lift_cost,keep_all_nondominated,16,7,"C5:(0,1,2,3,4);C5:(1,1,2,3,4);C5:(1,1,3,3,4);C5:(2,2,2,3,4);C5:(2,2,2,4,4);C5:(3,3,3,3,4);C5:(4,4,4,4,4)"
C5,chain_closure_only,bottom_heavy,normalized_total_rank_lift_cost,dedup_equal_points,16,7,"C5:(0,1,2,3,4);C5:(1,1,2,3,4);C5:(1,1,3,3,4);C5:(2,2,2,3,4);C5:(2,2,2,4,4);C5:(3,3,3,3,4);C5:(4,4,4,4,4)"
C5,chain_closure_only,middle_heavy,moved_points_cost,keep_all_nondominated,16,6,"C5:(0,1,2,3,4);C5:(0,1,3,3,4);C5:(0,1,4,4,4);C5:(0,3,3,3,4);C5:(0,4,4,4,4);C5:(4,4,4,4,4)"
C5,chain_closure_only,middle_heavy,moved_points_cost,dedup_equal_points,16,5,"C5:(0,1,2,3,4);C5:(0,1,3,3,4);C5:(0,1,4,4,4);C5:(0,4,4,4,4);C5:(4,4,4,4,4)"
C5,chain_closure_only,middle_heavy,total_rank_lift_cost,keep_all_nondominated,16,8,"C5:(0,1,2,3,4);C5:(0,1,3,3,4);C5:(0,1,4,4,4);C5:(0,3,3,3,4);C5:(0,4,4,4,4);C5:(1,1,3,3,4);C5:(1,1,4,4,4);C5:(4,4,4,4,4)"
C5,chain_closure_only,middle_heavy,total_rank_lift_cost,dedup_equal_points,16,7,"C5:(0,1,2,3,4);C5:(0,1,3,3,4);C5:(0,1,4,4,4);C5:(0,4,4,4,4);C5:(1,1,3,3,4);C5:(1,1,4,4,4);C5:(4,4,4,4,4)"
C5,chain_closure_only,middle_heavy,average_rank_lift_cost,keep_all_nondominated,16,8,"C5:(0,1,2,3,4);C5:(0,1,3,3,4);C5:(0,1,4,4,4);C5:(0,3,3,3,4);C5:(0,4,4,4,4);C5:(1,1,3,3,4);C5:(1,1,4,4,4);C5:(4,4,4,4,4)"
C5,chain_closure_only,middle_heavy,average_rank_lift_cost,dedup_equal_points,16,7,"C5:(0,1,2,3,4);C5:(0,1,3,3,4);C5:(0,1,4,4,4);C5:(0,4,4,4,4);C5:(1,1,3,3,4);C5:(1,1,4,4,4);C5:(4,4,4,4,4)"
C5,chain_closure_only,middle_heavy,normalized_total_rank_lift_cost,keep_all_nondominated,16,8,"C5:(0,1,2,3,4);C5:(0,1,3,3,4);C5:(0,1,4,4,4);C5:(0,3,3,3,4);C5:(0,4,4,4,4);C5:(1,1,3,3,4);C5:(1,1,4,4,4);C5:(4,4,4,4,4)"
C5,chain_closure_only,middle_heavy,normalized_total_rank_lift_cost,dedup_equal_points,16,7,"C5:(0,1,2,3,4);C5:(0,1,3,3,4);C5:(0,1,4,4,4);C5:(0,4,4,4,4);C5:(1,1,3,3,4);C5:(1,1,4,4,4);C5:(4,4,4,4,4)"
C5,chain_step_family,uniform,moved_points_cost,keep_all_nondominated,5,5,"C5:(0,1,2,3,4);C5:(1,2,3,4,4);C5:(2,3,4,4,4);C5:(3,4,4,4,4);C5:(4,4,4,4,4)"
C5,chain_step_family,uniform,moved_points_cost,dedup_equal_points,5,2,"C5:(0,1,2,3,4);C5:(1,2,3,4,4)"
C5,chain_step_family,uniform,total_rank_lift_cost,keep_all_nondominated,5,2,"C5:(0,1,2,3,4);C5:(1,2,3,4,4)"
C5,chain_step_family,uniform,total_rank_lift_cost,dedup_equal_points,5,2,"C5:(0,1,2,3,4);C5:(1,2,3,4,4)"
C5,chain_step_family,uniform,average_rank_lift_cost,keep_all_nondominated,5,2,"C5:(0,1,2,3,4);C5:(1,2,3,4,4)"
C5,chain_step_family,uniform,average_rank_lift_cost,dedup_equal_points,5,2,"C5:(0,1,2,3,4);C5:(1,2,3,4,4)"
C5,chain_step_family,uniform,normalized_total_rank_lift_cost,keep_all_nondominated,5,2,"C5:(0,1,2,3,4);C5:(1,2,3,4,4)"
C5,chain_step_family,uniform,normalized_total_rank_lift_cost,dedup_equal_points,5,2,"C5:(0,1,2,3,4);C5:(1,2,3,4,4)"
C5,chain_step_family,top_heavy,moved_points_cost,keep_all_nondominated,5,5,"C5:(0,1,2,3,4);C5:(1,2,3,4,4);C5:(2,3,4,4,4);C5:(3,4,4,4,4);C5:(4,4,4,4,4)"
C5,chain_step_family,top_heavy,moved_points_cost,dedup_equal_points,5,2,"C5:(0,1,2,3,4);C5:(1,2,3,4,4)"
C5,chain_step_family,top_heavy,total_rank_lift_cost,keep_all_nondominated,5,2,"C5:(0,1,2,3,4);C5:(1,2,3,4,4)"
C5,chain_step_family,top_heavy,total_rank_lift_cost,dedup_equal_points,5,2,"C5:(0,1,2,3,4);C5:(1,2,3,4,4)"
C5,chain_step_family,top_heavy,average_rank_lift_cost,keep_all_nondominated,5,2,"C5:(0,1,2,3,4);C5:(1,2,3,4,4)"
C5,chain_step_family,top_heavy,average_rank_lift_cost,dedup_equal_points,5,2,"C5:(0,1,2,3,4);C5:(1,2,3,4,4)"
C5,chain_step_family,top_heavy,normalized_total_rank_lift_cost,keep_all_nondominated,5,2,"C5:(0,1,2,3,4);C5:(1,2,3,4,4)"
C5,chain_step_family,top_heavy,normalized_total_rank_lift_cost,dedup_equal_points,5,2,"C5:(0,1,2,3,4);C5:(1,2,3,4,4)"
C5,chain_step_family,bottom_heavy,moved_points_cost,keep_all_nondominated,5,5,"C5:(0,1,2,3,4);C5:(1,2,3,4,4);C5:(2,3,4,4,4);C5:(3,4,4,4,4);C5:(4,4,4,4,4)"
C5,chain_step_family,bottom_heavy,moved_points_cost,dedup_equal_points,5,2,"C5:(0,1,2,3,4);C5:(1,2,3,4,4)"
C5,chain_step_family,bottom_heavy,total_rank_lift_cost,keep_all_nondominated,5,2,"C5:(0,1,2,3,4);C5:(1,2,3,4,4)"
C5,chain_step_family,bottom_heavy,total_rank_lift_cost,dedup_equal_points,5,2,"C5:(0,1,2,3,4);C5:(1,2,3,4,4)"
C5,chain_step_family,bottom_heavy,average_rank_lift_cost,keep_all_nondominated,5,2,"C5:(0,1,2,3,4);C5:(1,2,3,4,4)"
C5,chain_step_family,bottom_heavy,average_rank_lift_cost,dedup_equal_points,5,2,"C5:(0,1,2,3,4);C5:(1,2,3,4,4)"
C5,chain_step_family,bottom_heavy,normalized_total_rank_lift_cost,keep_all_nondominated,5,2,"C5:(0,1,2,3,4);C5:(1,2,3,4,4)"
C5,chain_step_family,bottom_heavy,normalized_total_rank_lift_cost,dedup_equal_points,5,2,"C5:(0,1,2,3,4);C5:(1,2,3,4,4)"
C5,chain_step_family,middle_heavy,moved_points_cost,keep_all_nondominated,5,5,"C5:(0,1,2,3,4);C5:(1,2,3,4,4);C5:(2,3,4,4,4);C5:(3,4,4,4,4);C5:(4,4,4,4,4)"
C5,chain_step_family,middle_heavy,moved_points_cost,dedup_equal_points,5,2,"C5:(0,1,2,3,4);C5:(1,2,3,4,4)"
C5,chain_step_family,middle_heavy,total_rank_lift_cost,keep_all_nondominated,5,2,"C5:(0,1,2,3,4);C5:(1,2,3,4,4)"
C5,chain_step_family,middle_heavy,total_rank_lift_cost,dedup_equal_points,5,2,"C5:(0,1,2,3,4);C5:(1,2,3,4,4)"
C5,chain_step_family,middle_heavy,average_rank_lift_cost,keep_all_nondominated,5,2,"C5:(0,1,2,3,4);C5:(1,2,3,4,4)"
C5,chain_step_family,middle_heavy,average_rank_lift_cost,dedup_equal_points,5,2,"C5:(0,1,2,3,4);C5:(1,2,3,4,4)"
C5,chain_step_family,middle_heavy,normalized_total_rank_lift_cost,keep_all_nondominated,5,2,"C5:(0,1,2,3,4);C5:(1,2,3,4,4)"
C5,chain_step_family,middle_heavy,normalized_total_rank_lift_cost,dedup_equal_points,5,2,"C5:(0,1,2,3,4);C5:(1,2,3,4,4)"
C6,chain_all_monotone_inflationary,uniform,moved_points_cost,keep_all_nondominated,132,132,"C6:(0,1,2,3,4,5);C6:(0,1,2,3,5,5);C6:(0,1,2,4,4,5);C6:(0,1,2,4,5,5);C6:(0,1,2,5,5,5);C6:(0,1,3,3,4,5);C6:(0,1,3,3,5,5);C6:(0,1,3,4,4,5);C6:(0,1,3,4,5,5);C6:(0,1,3,5,5,5);C6:(0,1,4,4,4,5);C6:(0,1,4,4,5,5);C6:(0,1,4,5,5,5);C6:(0,1,5,5,5,5);C6:(0,2,2,3,4,5);C6:(0,2,2,3,5,5);C6:(0,2,2,4,4,5);C6:(0,2,2,4,5,5);C6:(0,2,2,5,5,5);C6:(0,2,3,3,4,5);C6:(0,2,3,3,5,5);C6:(0,2,3,4,4,5);C6:(0,2,3,4,5,5);C6:(0,2,3,5,5,5);C6:(0,2,4,4,4,5);C6:(0,2,4,4,5,5);C6:(0,2,4,5,5,5);C6:(0,2,5,5,5,5);C6:(0,3,3,3,4,5);C6:(0,3,3,3,5,5);C6:(0,3,3,4,4,5);C6:(0,3,3,4,5,5);C6:(0,3,3,5,5,5);C6:(0,3,4,4,4,5);C6:(0,3,4,4,5,5);C6:(0,3,4,5,5,5);C6:(0,3,5,5,5,5);C6:(0,4,4,4,4,5);C6:(0,4,4,4,5,5);C6:(0,4,4,5,5,5);C6:(0,4,5,5,5,5);C6:(0,5,5,5,5,5);C6:(1,1,2,3,4,5);C6:(1,1,2,3,5,5);C6:(1,1,2,4,4,5);C6:(1,1,2,4,5,5);C6:(1,1,2,5,5,5);C6:(1,1,3,3,4,5);C6:(1,1,3,3,5,5);C6:(1,1,3,4,4,5);C6:(1,1,3,4,5,5);C6:(1,1,3,5,5,5);C6:(1,1,4,4,4,5);C6:(1,1,4,4,5,5);C6:(1,1,4,5,5,5);C6:(1,1,5,5,5,5);C6:(1,2,2,3,4,5);C6:(1,2,2,3,5,5);C6:(1,2,2,4,4,5);C6:(1,2,2,4,5,5);C6:(1,2,2,5,5,5);C6:(1,2,3,3,4,5);C6:(1,2,3,3,5,5);C6:(1,2,3,4,4,5);C6:(1,2,3,4,5,5);C6:(1,2,3,5,5,5);C6:(1,2,4,4,4,5);C6:(1,2,4,4,5,5);C6:(1,2,4,5,5,5);C6:(1,2,5,5,5,5);C6:(1,3,3,3,4,5);C6:(1,3,3,3,5,5);C6:(1,3,3,4,4,5);C6:(1,3,3,4,5,5);C6:(1,3,3,5,5,5);C6:(1,3,4,4,4,5);C6:(1,3,4,4,5,5);C6:(1,3,4,5,5,5);C6:(1,3,5,5,5,5);C6:(1,4,4,4,4,5);C6:(1,4,4,4,5,5);C6:(1,4,4,5,5,5);C6:(1,4,5,5,5,5);C6:(1,5,5,5,5,5);C6:(2,2,2,3,4,5);C6:(2,2,2,3,5,5);C6:(2,2,2,4,4,5);C6:(2,2,2,4,5,5);C6:(2,2,2,5,5,5);C6:(2,2,3,3,4,5);C6:(2,2,3,3,5,5);C6:(2,2,3,4,4,5);C6:(2,2,3,4,5,5);C6:(2,2,3,5,5,5);C6:(2,2,4,4,4,5);C6:(2,2,4,4,5,5);C6:(2,2,4,5,5,5);C6:(2,2,5,5,5,5);C6:(2,3,3,3,4,5);C6:(2,3,3,3,5,5);C6:(2,3,3,4,4,5);C6:(2,3,3,4,5,5);C6:(2,3,3,5,5,5);C6:(2,3,4,4,4,5);C6:(2,3,4,4,5,5);C6:(2,3,4,5,5,5);C6:(2,3,5,5,5,5);C6:(2,4,4,4,4,5);C6:(2,4,4,4,5,5);C6:(2,4,4,5,5,5);C6:(2,4,5,5,5,5);C6:(2,5,5,5,5,5);C6:(3,3,3,3,4,5);C6:(3,3,3,3,5,5);C6:(3,3,3,4,4,5);C6:(3,3,3,4,5,5);C6:(3,3,3,5,5,5);C6:(3,3,4,4,4,5);C6:(3,3,4,4,5,5);C6:(3,3,4,5,5,5);C6:(3,3,5,5,5,5);C6:(3,4,4,4,4,5);C6:(3,4,4,4,5,5);C6:(3,4,4,5,5,5);C6:(3,4,5,5,5,5);C6:(3,5,5,5,5,5);C6:(4,4,4,4,4,5);C6:(4,4,4,4,5,5);C6:(4,4,4,5,5,5);C6:(4,4,5,5,5,5);C6:(4,5,5,5,5,5);C6:(5,5,5,5,5,5)"
C6,chain_all_monotone_inflationary,uniform,moved_points_cost,dedup_equal_points,132,6,"C6:(0,1,2,3,4,5);C6:(0,1,2,3,5,5);C6:(0,1,2,4,5,5);C6:(0,1,3,4,5,5);C6:(0,2,3,4,5,5);C6:(1,2,3,4,5,5)"
C6,chain_all_monotone_inflationary,uniform,total_rank_lift_cost,keep_all_nondominated,132,32,"C6:(0,1,2,3,4,5);C6:(0,1,2,3,5,5);C6:(0,1,2,4,4,5);C6:(0,1,2,4,5,5);C6:(0,1,3,3,4,5);C6:(0,1,3,3,5,5);C6:(0,1,3,4,4,5);C6:(0,1,3,4,5,5);C6:(0,2,2,3,4,5);C6:(0,2,2,3,5,5);C6:(0,2,2,4,4,5);C6:(0,2,2,4,5,5);C6:(0,2,3,3,4,5);C6:(0,2,3,3,5,5);C6:(0,2,3,4,4,5);C6:(0,2,3,4,5,5);C6:(1,1,2,3,4,5);C6:(1,1,2,3,5,5);C6:(1,1,2,4,4,5);C6:(1,1,2,4,5,5);C6:(1,1,3,3,4,5);C6:(1,1,3,3,5,5);C6:(1,1,3,4,4,5);C6:(1,1,3,4,5,5);C6:(1,2,2,3,4,5);C6:(1,2,2,3,5,5);C6:(1,2,2,4,4,5);C6:(1,2,2,4,5,5);C6:(1,2,3,3,4,5);C6:(1,2,3,3,5,5);C6:(1,2,3,4,4,5);C6:(1,2,3,4,5,5)"
C6,chain_all_monotone_inflationary,uniform,total_rank_lift_cost,dedup_equal_points,132,6,"C6:(0,1,2,3,4,5);C6:(0,1,2,3,5,5);C6:(0,1,2,4,5,5);C6:(0,1,3,4,5,5);C6:(0,2,3,4,5,5);C6:(1,2,3,4,5,5)"
C6,chain_all_monotone_inflationary,uniform,average_rank_lift_cost,keep_all_nondominated,132,32,"C6:(0,1,2,3,4,5);C6:(0,1,2,3,5,5);C6:(0,1,2,4,4,5);C6:(0,1,2,4,5,5);C6:(0,1,3,3,4,5);C6:(0,1,3,3,5,5);C6:(0,1,3,4,4,5);C6:(0,1,3,4,5,5);C6:(0,2,2,3,4,5);C6:(0,2,2,3,5,5);C6:(0,2,2,4,4,5);C6:(0,2,2,4,5,5);C6:(0,2,3,3,4,5);C6:(0,2,3,3,5,5);C6:(0,2,3,4,4,5);C6:(0,2,3,4,5,5);C6:(1,1,2,3,4,5);C6:(1,1,2,3,5,5);C6:(1,1,2,4,4,5);C6:(1,1,2,4,5,5);C6:(1,1,3,3,4,5);C6:(1,1,3,3,5,5);C6:(1,1,3,4,4,5);C6:(1,1,3,4,5,5);C6:(1,2,2,3,4,5);C6:(1,2,2,3,5,5);C6:(1,2,2,4,4,5);C6:(1,2,2,4,5,5);C6:(1,2,3,3,4,5);C6:(1,2,3,3,5,5);C6:(1,2,3,4,4,5);C6:(1,2,3,4,5,5)"
C6,chain_all_monotone_inflationary,uniform,average_rank_lift_cost,dedup_equal_points,132,6,"C6:(0,1,2,3,4,5);C6:(0,1,2,3,5,5);C6:(0,1,2,4,5,5);C6:(0,1,3,4,5,5);C6:(0,2,3,4,5,5);C6:(1,2,3,4,5,5)"
C6,chain_all_monotone_inflationary,uniform,normalized_total_rank_lift_cost,keep_all_nondominated,132,32,"C6:(0,1,2,3,4,5);C6:(0,1,2,3,5,5);C6:(0,1,2,4,4,5);C6:(0,1,2,4,5,5);C6:(0,1,3,3,4,5);C6:(0,1,3,3,5,5);C6:(0,1,3,4,4,5);C6:(0,1,3,4,5,5);C6:(0,2,2,3,4,5);C6:(0,2,2,3,5,5);C6:(0,2,2,4,4,5);C6:(0,2,2,4,5,5);C6:(0,2,3,3,4,5);C6:(0,2,3,3,5,5);C6:(0,2,3,4,4,5);C6:(0,2,3,4,5,5);C6:(1,1,2,3,4,5);C6:(1,1,2,3,5,5);C6:(1,1,2,4,4,5);C6:(1,1,2,4,5,5);C6:(1,1,3,3,4,5);C6:(1,1,3,3,5,5);C6:(1,1,3,4,4,5);C6:(1,1,3,4,5,5);C6:(1,2,2,3,4,5);C6:(1,2,2,3,5,5);C6:(1,2,2,4,4,5);C6:(1,2,2,4,5,5);C6:(1,2,3,3,4,5);C6:(1,2,3,3,5,5);C6:(1,2,3,4,4,5);C6:(1,2,3,4,5,5)"
C6,chain_all_monotone_inflationary,uniform,normalized_total_rank_lift_cost,dedup_equal_points,132,6,"C6:(0,1,2,3,4,5);C6:(0,1,2,3,5,5);C6:(0,1,2,4,5,5);C6:(0,1,3,4,5,5);C6:(0,2,3,4,5,5);C6:(1,2,3,4,5,5)"
C6,chain_all_monotone_inflationary,top_heavy,moved_points_cost,keep_all_nondominated,132,65,"C6:(0,1,2,3,4,5);C6:(0,1,2,3,5,5);C6:(0,1,2,4,5,5);C6:(0,1,2,5,5,5);C6:(0,1,3,4,5,5);C6:(0,1,3,5,5,5);C6:(0,1,4,4,5,5);C6:(0,1,4,5,5,5);C6:(0,1,5,5,5,5);C6:(0,2,3,4,5,5);C6:(0,2,3,5,5,5);C6:(0,2,4,4,5,5);C6:(0,2,4,5,5,5);C6:(0,2,5,5,5,5);C6:(0,3,3,4,5,5);C6:(0,3,3,5,5,5);C6:(0,3,4,4,5,5);C6:(0,3,4,5,5,5);C6:(0,3,5,5,5,5);C6:(0,4,4,4,5,5);C6:(0,4,4,5,5,5);C6:(0,4,5,5,5,5);C6:(0,5,5,5,5,5);C6:(1,2,3,4,5,5);C6:(1,2,3,5,5,5);C6:(1,2,4,4,5,5);C6:(1,2,4,5,5,5);C6:(1,2,5,5,5,5);C6:(1,3,3,4,5,5);C6:(1,3,3,5,5,5);C6:(1,3,4,4,5,5);C6:(1,3,4,5,5,5);C6:(1,3,5,5,5,5);C6:(1,4,4,4,5,5);C6:(1,4,4,5,5,5);C6:(1,4,5,5,5,5);C6:(1,5,5,5,5,5);C6:(2,2,3,4,5,5);C6:(2,2,3,5,5,5);C6:(2,2,4,4,5,5);C6:(2,2,4,5,5,5);C6:(2,2,5,5,5,5);C6:(2,3,3,4,5,5);C6:(2,3,3,5,5,5);C6:(2,3,4,4,5,5);C6:(2,3,4,5,5,5);C6:(2,3,5,5,5,5);C6:(2,4,4,4,5,5);C6:(2,4,4,5,5,5);C6:(2,4,5,5,5,5);C6:(2,5,5,5,5,5);C6:(3,3,3,4,5,5);C6:(3,3,3,5,5,5);C6:(3,3,4,4,5,5);C6:(3,3,4,5,5,5);C6:(3,3,5,5,5,5);C6:(3,4,4,4,5,5);C6:(3,4,4,5,5,5);C6:(3,4,5,5,5,5);C6:(3,5,5,5,5,5);C6:(4,4,4,4,5,5);C6:(4,4,4,5,5,5);C6:(4,4,5,5,5,5);C6:(4,5,5,5,5,5);C6:(5,5,5,5,5,5)"
C6,chain_all_monotone_inflationary,top_heavy,moved_points_cost,dedup_equal_points,132,6,"C6:(0,1,2,3,4,5);C6:(0,1,2,3,5,5);C6:(0,1,2,4,5,5);C6:(0,1,3,4,5,5);C6:(0,2,3,4,5,5);C6:(1,2,3,4,5,5)"
C6,chain_all_monotone_inflationary,top_heavy,total_rank_lift_cost,keep_all_nondominated,132,6,"C6:(0,1,2,3,4,5);C6:(0,1,2,3,5,5);C6:(0,1,2,4,5,5);C6:(0,1,3,4,5,5);C6:(0,2,3,4,5,5);C6:(1,2,3,4,5,5)"
C6,chain_all_monotone_inflationary,top_heavy,total_rank_lift_cost,dedup_equal_points,132,6,"C6:(0,1,2,3,4,5);C6:(0,1,2,3,5,5);C6:(0,1,2,4,5,5);C6:(0,1,3,4,5,5);C6:(0,2,3,4,5,5);C6:(1,2,3,4,5,5)"
C6,chain_all_monotone_inflationary,top_heavy,average_rank_lift_cost,keep_all_nondominated,132,6,"C6:(0,1,2,3,4,5);C6:(0,1,2,3,5,5);C6:(0,1,2,4,5,5);C6:(0,1,3,4,5,5);C6:(0,2,3,4,5,5);C6:(1,2,3,4,5,5)"
C6,chain_all_monotone_inflationary,top_heavy,average_rank_lift_cost,dedup_equal_points,132,6,"C6:(0,1,2,3,4,5);C6:(0,1,2,3,5,5);C6:(0,1,2,4,5,5);C6:(0,1,3,4,5,5);C6:(0,2,3,4,5,5);C6:(1,2,3,4,5,5)"
C6,chain_all_monotone_inflationary,top_heavy,normalized_total_rank_lift_cost,keep_all_nondominated,132,6,"C6:(0,1,2,3,4,5);C6:(0,1,2,3,5,5);C6:(0,1,2,4,5,5);C6:(0,1,3,4,5,5);C6:(0,2,3,4,5,5);C6:(1,2,3,4,5,5)"
C6,chain_all_monotone_inflationary,top_heavy,normalized_total_rank_lift_cost,dedup_equal_points,132,6,"C6:(0,1,2,3,4,5);C6:(0,1,2,3,5,5);C6:(0,1,2,4,5,5);C6:(0,1,3,4,5,5);C6:(0,2,3,4,5,5);C6:(1,2,3,4,5,5)"
C6,chain_all_monotone_inflationary,bottom_heavy,moved_points_cost,keep_all_nondominated,132,65,"C6:(0,1,2,3,4,5);C6:(1,1,2,3,4,5);C6:(1,2,2,3,4,5);C6:(1,2,3,3,4,5);C6:(1,2,3,4,4,5);C6:(1,2,3,4,5,5);C6:(1,2,3,5,5,5);C6:(1,2,4,4,4,5);C6:(1,2,4,4,5,5);C6:(1,2,4,5,5,5);C6:(1,2,5,5,5,5);C6:(1,3,3,3,4,5);C6:(1,3,3,4,4,5);C6:(1,3,3,4,5,5);C6:(1,3,3,5,5,5);C6:(1,3,4,4,4,5);C6:(1,3,4,4,5,5);C6:(1,3,4,5,5,5);C6:(1,3,5,5,5,5);C6:(1,4,4,4,4,5);C6:(1,4,4,4,5,5);C6:(1,4,4,5,5,5);C6:(1,4,5,5,5,5);C6:(1,5,5,5,5,5);C6:(2,2,2,3,4,5);C6:(2,2,3,3,4,5);C6:(2,2,3,4,4,5);C6:(2,2,3,4,5,5);C6:(2,2,3,5,5,5);C6:(2,2,4,4,4,5);C6:(2,2,4,4,5,5);C6:(2,2,4,5,5,5);C6:(2,2,5,5,5,5);C6:(2,3,3,3,4,5);C6:(2,3,3,4,4,5);C6:(2,3,3,4,5,5);C6:(2,3,3,5,5,5);C6:(2,3,4,4,4,5);C6:(2,3,4,4,5,5);C6:(2,3,4,5,5,5);C6:(2,3,5,5,5,5);C6:(2,4,4,4,4,5);C6:(2,4,4,4,5,5);C6:(2,4,4,5,5,5);C6:(2,4,5,5,5,5);C6:(2,5,5,5,5,5);C6:(3,3,3,3,4,5);C6:(3,3,3,4,4,5);C6:(3,3,3,4,5,5);C6:(3,3,3,5,5,5);C6:(3,3,4,4,4,5);C6:(3,3,4,4,5,5);C6:(3,3,4,5,5,5);C6:(3,3,5,5,5,5);C6:(3,4,4,4,4,5);C6:(3,4,4,4,5,5);C6:(3,4,4,5,5,5);C6:(3,4,5,5,5,5);C6:(3,5,5,5,5,5);C6:(4,4,4,4,4,5);C6:(4,4,4,4,5,5);C6:(4,4,4,5,5,5);C6:(4,4,5,5,5,5);C6:(4,5,5,5,5,5);C6:(5,5,5,5,5,5)"
C6,chain_all_monotone_inflationary,bottom_heavy,moved_points_cost,dedup_equal_points,132,6,"C6:(0,1,2,3,4,5);C6:(1,1,2,3,4,5);C6:(1,2,2,3,4,5);C6:(1,2,3,3,4,5);C6:(1,2,3,4,4,5);C6:(1,2,3,4,5,5)"
C6,chain_all_monotone_inflationary,bottom_heavy,total_rank_lift_cost,keep_all_nondominated,132,6,"C6:(0,1,2,3,4,5);C6:(1,1,2,3,4,5);C6:(1,2,2,3,4,5);C6:(1,2,3,3,4,5);C6:(1,2,3,4,4,5);C6:(1,2,3,4,5,5)"
C6,chain_all_monotone_inflationary,bottom_heavy,total_rank_lift_cost,dedup_equal_points,132,6,"C6:(0,1,2,3,4,5);C6:(1,1,2,3,4,5);C6:(1,2,2,3,4,5);C6:(1,2,3,3,4,5);C6:(1,2,3,4,4,5);C6:(1,2,3,4,5,5)"
C6,chain_all_monotone_inflationary,bottom_heavy,average_rank_lift_cost,keep_all_nondominated,132,6,"C6:(0,1,2,3,4,5);C6:(1,1,2,3,4,5);C6:(1,2,2,3,4,5);C6:(1,2,3,3,4,5);C6:(1,2,3,4,4,5);C6:(1,2,3,4,5,5)"
C6,chain_all_monotone_inflationary,bottom_heavy,average_rank_lift_cost,dedup_equal_points,132,6,"C6:(0,1,2,3,4,5);C6:(1,1,2,3,4,5);C6:(1,2,2,3,4,5);C6:(1,2,3,3,4,5);C6:(1,2,3,4,4,5);C6:(1,2,3,4,5,5)"
C6,chain_all_monotone_inflationary,bottom_heavy,normalized_total_rank_lift_cost,keep_all_nondominated,132,6,"C6:(0,1,2,3,4,5);C6:(1,1,2,3,4,5);C6:(1,2,2,3,4,5);C6:(1,2,3,3,4,5);C6:(1,2,3,4,4,5);C6:(1,2,3,4,5,5)"
C6,chain_all_monotone_inflationary,bottom_heavy,normalized_total_rank_lift_cost,dedup_equal_points,132,6,"C6:(0,1,2,3,4,5);C6:(1,1,2,3,4,5);C6:(1,2,2,3,4,5);C6:(1,2,3,3,4,5);C6:(1,2,3,4,4,5);C6:(1,2,3,4,5,5)"
C6,chain_all_monotone_inflationary,middle_heavy,moved_points_cost,keep_all_nondominated,132,71,"C6:(0,1,2,3,4,5);C6:(0,1,2,4,4,5);C6:(0,1,3,3,4,5);C6:(0,1,3,4,4,5);C6:(0,1,3,4,5,5);C6:(0,1,3,5,5,5);C6:(0,1,4,4,4,5);C6:(0,1,4,4,5,5);C6:(0,1,4,5,5,5);C6:(0,1,5,5,5,5);C6:(0,2,3,4,4,5);C6:(0,2,3,4,5,5);C6:(0,2,3,5,5,5);C6:(0,2,4,4,4,5);C6:(0,2,4,4,5,5);C6:(0,2,4,5,5,5);C6:(0,2,5,5,5,5);C6:(0,3,3,4,4,5);C6:(0,3,3,4,5,5);C6:(0,3,3,5,5,5);C6:(0,3,4,4,4,5);C6:(0,3,4,4,5,5);C6:(0,3,4,5,5,5);C6:(0,3,5,5,5,5);C6:(0,4,4,4,4,5);C6:(0,4,4,4,5,5);C6:(0,4,4,5,5,5);C6:(0,4,5,5,5,5);C6:(0,5,5,5,5,5);C6:(1,2,3,4,5,5);C6:(1,2,3,5,5,5);C6:(1,2,4,4,5,5);C6:(1,2,4,5,5,5);C6:(1,2,5,5,5,5);C6:(1,3,3,4,5,5);C6:(1,3,3,5,5,5);C6:(1,3,4,4,5,5);C6:(1,3,4,5,5,5);C6:(1,3,5,5,5,5);C6:(1,4,4,4,5,5);C6:(1,4,4,5,5,5);C6:(1,4,5,5,5,5);C6:(1,5,5,5,5,5);C6:(2,2,3,4,5,5);C6:(2,2,3,5,5,5);C6:(2,2,4,4,5,5);C6:(2,2,4,5,5,5);C6:(2,2,5,5,5,5);C6:(2,3,3,4,5,5);C6:(2,3,3,5,5,5);C6:(2,3,4,4,5,5);C6:(2,3,4,5,5,5);C6:(2,3,5,5,5,5);C6:(2,4,4,4,5,5);C6:(2,4,4,5,5,5);C6:(2,4,5,5,5,5);C6:(2,5,5,5,5,5);C6:(3,3,3,4,5,5);C6:(3,3,3,5,5,5);C6:(3,3,4,4,5,5);C6:(3,3,4,5,5,5);C6:(3,3,5,5,5,5);C6:(3,4,4,4,5,5);C6:(3,4,4,5,5,5);C6:(3,4,5,5,5,5);C6:(3,5,5,5,5,5);C6:(4,4,4,4,5,5);C6:(4,4,4,5,5,5);C6:(4,4,5,5,5,5);C6:(4,5,5,5,5,5);C6:(5,5,5,5,5,5)"
C6,chain_all_monotone_inflationary,middle_heavy,moved_points_cost,dedup_equal_points,132,6,"C6:(0,1,2,3,4,5);C6:(0,1,2,4,4,5);C6:(0,1,3,4,4,5);C6:(0,1,3,4,5,5);C6:(0,2,3,4,5,5);C6:(1,2,3,4,5,5)"
C6,chain_all_monotone_inflationary,middle_heavy,total_rank_lift_cost,keep_all_nondominated,132,8,"C6:(0,1,2,3,4,5);C6:(0,1,2,4,4,5);C6:(0,1,3,3,4,5);C6:(0,1,3,4,4,5);C6:(0,1,3,4,5,5);C6:(0,2,3,4,4,5);C6:(0,2,3,4,5,5);C6:(1,2,3,4,5,5)"
C6,chain_all_monotone_inflationary,middle_heavy,total_rank_lift_cost,dedup_equal_points,132,6,"C6:(0,1,2,3,4,5);C6:(0,1,2,4,4,5);C6:(0,1,3,4,4,5);C6:(0,1,3,4,5,5);C6:(0,2,3,4,5,5);C6:(1,2,3,4,5,5)"
C6,chain_all_monotone_inflationary,middle_heavy,average_rank_lift_cost,keep_all_nondominated,132,8,"C6:(0,1,2,3,4,5);C6:(0,1,2,4,4,5);C6:(0,1,3,3,4,5);C6:(0,1,3,4,4,5);C6:(0,1,3,4,5,5);C6:(0,2,3,4,4,5);C6:(0,2,3,4,5,5);C6:(1,2,3,4,5,5)"
C6,chain_all_monotone_inflationary,middle_heavy,average_rank_lift_cost,dedup_equal_points,132,6,"C6:(0,1,2,3,4,5);C6:(0,1,2,4,4,5);C6:(0,1,3,4,4,5);C6:(0,1,3,4,5,5);C6:(0,2,3,4,5,5);C6:(1,2,3,4,5,5)"
C6,chain_all_monotone_inflationary,middle_heavy,normalized_total_rank_lift_cost,keep_all_nondominated,132,8,"C6:(0,1,2,3,4,5);C6:(0,1,2,4,4,5);C6:(0,1,3,3,4,5);C6:(0,1,3,4,4,5);C6:(0,1,3,4,5,5);C6:(0,2,3,4,4,5);C6:(0,2,3,4,5,5);C6:(1,2,3,4,5,5)"
C6,chain_all_monotone_inflationary,middle_heavy,normalized_total_rank_lift_cost,dedup_equal_points,132,6,"C6:(0,1,2,3,4,5);C6:(0,1,2,4,4,5);C6:(0,1,3,4,4,5);C6:(0,1,3,4,5,5);C6:(0,2,3,4,5,5);C6:(1,2,3,4,5,5)"
C6,chain_closure_only,uniform,moved_points_cost,keep_all_nondominated,32,32,"C6:(0,1,2,3,4,5);C6:(0,1,2,3,5,5);C6:(0,1,2,4,4,5);C6:(0,1,2,5,5,5);C6:(0,1,3,3,4,5);C6:(0,1,3,3,5,5);C6:(0,1,4,4,4,5);C6:(0,1,5,5,5,5);C6:(0,2,2,3,4,5);C6:(0,2,2,3,5,5);C6:(0,2,2,4,4,5);C6:(0,2,2,5,5,5);C6:(0,3,3,3,4,5);C6:(0,3,3,3,5,5);C6:(0,4,4,4,4,5);C6:(0,5,5,5,5,5);C6:(1,1,2,3,4,5);C6:(1,1,2,3,5,5);C6:(1,1,2,4,4,5);C6:(1,1,2,5,5,5);C6:(1,1,3,3,4,5);C6:(1,1,3,3,5,5);C6:(1,1,4,4,4,5);C6:(1,1,5,5,5,5);C6:(2,2,2,3,4,5);C6:(2,2,2,3,5,5);C6:(2,2,2,4,4,5);C6:(2,2,2,5,5,5);C6:(3,3,3,3,4,5);C6:(3,3,3,3,5,5);C6:(4,4,4,4,4,5);C6:(5,5,5,5,5,5)"
C6,chain_closure_only,uniform,moved_points_cost,dedup_equal_points,32,6,"C6:(0,1,2,3,4,5);C6:(0,1,2,3,5,5);C6:(0,1,2,5,5,5);C6:(0,1,5,5,5,5);C6:(0,5,5,5,5,5);C6:(5,5,5,5,5,5)"
C6,chain_closure_only,uniform,total_rank_lift_cost,keep_all_nondominated,32,15,"C6:(0,1,2,3,4,5);C6:(0,1,2,3,5,5);C6:(0,1,2,4,4,5);C6:(0,1,3,3,4,5);C6:(0,1,3,3,5,5);C6:(0,2,2,3,4,5);C6:(0,2,2,3,5,5);C6:(0,2,2,4,4,5);C6:(1,1,2,3,4,5);C6:(1,1,2,3,5,5);C6:(1,1,2,4,4,5);C6:(1,1,3,3,4,5);C6:(1,1,3,3,5,5);C6:(2,2,2,5,5,5);C6:(5,5,5,5,5,5)"
C6,chain_closure_only,uniform,total_rank_lift_cost,dedup_equal_points,32,6,"C6:(0,1,2,3,4,5);C6:(0,1,2,3,5,5);C6:(0,1,3,3,5,5);C6:(1,1,3,3,5,5);C6:(2,2,2,5,5,5);C6:(5,5,5,5,5,5)"
C6,chain_closure_only,uniform,average_rank_lift_cost,keep_all_nondominated,32,15,"C6:(0,1,2,3,4,5);C6:(0,1,2,3,5,5);C6:(0,1,2,4,4,5);C6:(0,1,3,3,4,5);C6:(0,1,3,3,5,5);C6:(0,2,2,3,4,5);C6:(0,2,2,3,5,5);C6:(0,2,2,4,4,5);C6:(1,1,2,3,4,5);C6:(1,1,2,3,5,5);C6:(1,1,2,4,4,5);C6:(1,1,3,3,4,5);C6:(1,1,3,3,5,5);C6:(2,2,2,5,5,5);C6:(5,5,5,5,5,5)"
C6,chain_closure_only,uniform,average_rank_lift_cost,dedup_equal_points,32,6,"C6:(0,1,2,3,4,5);C6:(0,1,2,3,5,5);C6:(0,1,3,3,5,5);C6:(1,1,3,3,5,5);C6:(2,2,2,5,5,5);C6:(5,5,5,5,5,5)"
C6,chain_closure_only,uniform,normalized_total_rank_lift_cost,keep_all_nondominated,32,15,"C6:(0,1,2,3,4,5);C6:(0,1,2,3,5,5);C6:(0,1,2,4,4,5);C6:(0,1,3,3,4,5);C6:(0,1,3,3,5,5);C6:(0,2,2,3,4,5);C6:(0,2,2,3,5,5);C6:(0,2,2,4,4,5);C6:(1,1,2,3,4,5);C6:(1,1,2,3,5,5);C6:(1,1,2,4,4,5);C6:(1,1,3,3,4,5);C6:(1,1,3,3,5,5);C6:(2,2,2,5,5,5);C6:(5,5,5,5,5,5)"
C6,chain_closure_only,uniform,normalized_total_rank_lift_cost,dedup_equal_points,32,6,"C6:(0,1,2,3,4,5);C6:(0,1,2,3,5,5);C6:(0,1,3,3,5,5);C6:(1,1,3,3,5,5);C6:(2,2,2,5,5,5);C6:(5,5,5,5,5,5)"
C6,chain_closure_only,top_heavy,moved_points_cost,keep_all_nondominated,32,6,"C6:(0,1,2,3,4,5);C6:(0,1,2,3,5,5);C6:(0,1,2,5,5,5);C6:(0,1,5,5,5,5);C6:(0,5,5,5,5,5);C6:(5,5,5,5,5,5)"
C6,chain_closure_only,top_heavy,moved_points_cost,dedup_equal_points,32,6,"C6:(0,1,2,3,4,5);C6:(0,1,2,3,5,5);C6:(0,1,2,5,5,5);C6:(0,1,5,5,5,5);C6:(0,5,5,5,5,5);C6:(5,5,5,5,5,5)"
C6,chain_closure_only,top_heavy,total_rank_lift_cost,keep_all_nondominated,32,11,"C6:(0,1,2,3,4,5);C6:(0,1,2,3,5,5);C6:(0,1,2,5,5,5);C6:(0,1,3,3,5,5);C6:(0,1,5,5,5,5);C6:(0,2,2,5,5,5);C6:(0,5,5,5,5,5);C6:(1,1,3,3,5,5);C6:(1,1,5,5,5,5);C6:(2,2,2,5,5,5);C6:(5,5,5,5,5,5)"
C6,chain_closure_only,top_heavy,total_rank_lift_cost,dedup_equal_points,32,9,"C6:(0,1,2,3,4,5);C6:(0,1,2,3,5,5);C6:(0,1,2,5,5,5);C6:(0,1,3,3,5,5);C6:(0,1,5,5,5,5);C6:(0,2,2,5,5,5);C6:(0,5,5,5,5,5);C6:(1,1,5,5,5,5);C6:(5,5,5,5,5,5)"
C6,chain_closure_only,top_heavy,average_rank_lift_cost,keep_all_nondominated,32,11,"C6:(0,1,2,3,4,5);C6:(0,1,2,3,5,5);C6:(0,1,2,5,5,5);C6:(0,1,3,3,5,5);C6:(0,1,5,5,5,5);C6:(0,2,2,5,5,5);C6:(0,5,5,5,5,5);C6:(1,1,3,3,5,5);C6:(1,1,5,5,5,5);C6:(2,2,2,5,5,5);C6:(5,5,5,5,5,5)"
C6,chain_closure_only,top_heavy,average_rank_lift_cost,dedup_equal_points,32,9,"C6:(0,1,2,3,4,5);C6:(0,1,2,3,5,5);C6:(0,1,2,5,5,5);C6:(0,1,3,3,5,5);C6:(0,1,5,5,5,5);C6:(0,2,2,5,5,5);C6:(0,5,5,5,5,5);C6:(1,1,5,5,5,5);C6:(5,5,5,5,5,5)"
C6,chain_closure_only,top_heavy,normalized_total_rank_lift_cost,keep_all_nondominated,32,11,"C6:(0,1,2,3,4,5);C6:(0,1,2,3,5,5);C6:(0,1,2,5,5,5);C6:(0,1,3,3,5,5);C6:(0,1,5,5,5,5);C6:(0,2,2,5,5,5);C6:(0,5,5,5,5,5);C6:(1,1,3,3,5,5);C6:(1,1,5,5,5,5);C6:(2,2,2,5,5,5);C6:(5,5,5,5,5,5)"
C6,chain_closure_only,top_heavy,normalized_total_rank_lift_cost,dedup_equal_points,32,9,"C6:(0,1,2,3,4,5);C6:(0,1,2,3,5,5);C6:(0,1,2,5,5,5);C6:(0,1,3,3,5,5);C6:(0,1,5,5,5,5);C6:(0,2,2,5,5,5);C6:(0,5,5,5,5,5);C6:(1,1,5,5,5,5);C6:(5,5,5,5,5,5)"
C6,chain_closure_only,bottom_heavy,moved_points_cost,keep_all_nondominated,32,6,"C6:(0,1,2,3,4,5);C6:(1,1,2,3,4,5);C6:(2,2,2,3,4,5);C6:(3,3,3,3,4,5);C6:(4,4,4,4,4,5);C6:(5,5,5,5,5,5)"
C6,chain_closure_only,bottom_heavy,moved_points_cost,dedup_equal_points,32,6,"C6:(0,1,2,3,4,5);C6:(1,1,2,3,4,5);C6:(2,2,2,3,4,5);C6:(3,3,3,3,4,5);C6:(4,4,4,4,4,5);C6:(5,5,5,5,5,5)"
C6,chain_closure_only,bottom_heavy,total_rank_lift_cost,keep_all_nondominated,32,9,"C6:(0,1,2,3,4,5);C6:(1,1,2,3,4,5);C6:(1,1,3,3,4,5);C6:(1,1,3,3,5,5);C6:(2,2,2,4,4,5);C6:(2,2,2,5,5,5);C6:(3,3,3,3,5,5);C6:(4,4,4,4,4,5);C6:(5,5,5,5,5,5)"
C6,chain_closure_only,bottom_heavy,total_rank_lift_cost,dedup_equal_points,32,9,"C6:(0,1,2,3,4,5);C6:(1,1,2,3,4,5);C6:(1,1,3,3,4,5);C6:(1,1,3,3,5,5);C6:(2,2,2,4,4,5);C6:(2,2,2,5,5,5);C6:(3,3,3,3,5,5);C6:(4,4,4,4,4,5);C6:(5,5,5,5,5,5)"
C6,chain_closure_only,bottom_heavy,average_rank_lift_cost,keep_all_nondominated,32,9,"C6:(0,1,2,3,4,5);C6:(1,1,2,3,4,5);C6:(1,1,3,3,4,5);C6:(1,1,3,3,5,5);C6:(2,2,2,4,4,5);C6:(2,2,2,5,5,5);C6:(3,3,3,3,5,5);C6:(4,4,4,4,4,5);C6:(5,5,5,5,5,5)"
C6,chain_closure_only,bottom_heavy,average_rank_lift_cost,dedup_equal_points,32,9,"C6:(0,1,2,3,4,5);C6:(1,1,2,3,4,5);C6:(1,1,3,3,4,5);C6:(1,1,3,3,5,5);C6:(2,2,2,4,4,5);C6:(2,2,2,5,5,5);C6:(3,3,3,3,5,5);C6:(4,4,4,4,4,5);C6:(5,5,5,5,5,5)"
C6,chain_closure_only,bottom_heavy,normalized_total_rank_lift_cost,keep_all_nondominated,32,9,"C6:(0,1,2,3,4,5);C6:(1,1,2,3,4,5);C6:(1,1,3,3,4,5);C6:(1,1,3,3,5,5);C6:(2,2,2,4,4,5);C6:(2,2,2,5,5,5);C6:(3,3,3,3,5,5);C6:(4,4,4,4,4,5);C6:(5,5,5,5,5,5)"
C6,chain_closure_only,bottom_heavy,normalized_total_rank_lift_cost,dedup_equal_points,32,9,"C6:(0,1,2,3,4,5);C6:(1,1,2,3,4,5);C6:(1,1,3,3,4,5);C6:(1,1,3,3,5,5);C6:(2,2,2,4,4,5);C6:(2,2,2,5,5,5);C6:(3,3,3,3,5,5);C6:(4,4,4,4,4,5);C6:(5,5,5,5,5,5)"
C6,chain_closure_only,middle_heavy,moved_points_cost,keep_all_nondominated,32,8,"C6:(0,1,2,3,4,5);C6:(0,1,2,4,4,5);C6:(0,1,3,3,4,5);C6:(0,1,4,4,4,5);C6:(0,1,5,5,5,5);C6:(0,4,4,4,4,5);C6:(0,5,5,5,5,5);C6:(5,5,5,5,5,5)"
C6,chain_closure_only,middle_heavy,moved_points_cost,dedup_equal_points,32,6,"C6:(0,1,2,3,4,5);C6:(0,1,2,4,4,5);C6:(0,1,4,4,4,5);C6:(0,1,5,5,5,5);C6:(0,5,5,5,5,5);C6:(5,5,5,5,5,5)"
C6,chain_closure_only,middle_heavy,total_rank_lift_cost,keep_all_nondominated,32,11,"C6:(0,1,2,3,4,5);C6:(0,1,2,4,4,5);C6:(0,1,3,3,4,5);C6:(0,1,3,3,5,5);C6:(0,2,2,4,4,5);C6:(0,5,5,5,5,5);C6:(1,1,3,3,5,5);C6:(1,1,4,4,4,5);C6:(1,1,5,5,5,5);C6:(2,2,2,5,5,5);C6:(5,5,5,5,5,5)"
C6,chain_closure_only,middle_heavy,total_rank_lift_cost,dedup_equal_points,32,9,"C6:(0,1,2,3,4,5);C6:(0,1,2,4,4,5);C6:(0,1,3,3,5,5);C6:(0,5,5,5,5,5);C6:(1,1,3,3,5,5);C6:(1,1,4,4,4,5);C6:(1,1,5,5,5,5);C6:(2,2,2,5,5,5);C6:(5,5,5,5,5,5)"
C6,chain_closure_only,middle_heavy,average_rank_lift_cost,keep_all_nondominated,32,11,"C6:(0,1,2,3,4,5);C6:(0,1,2,4,4,5);C6:(0,1,3,3,4,5);C6:(0,1,3,3,5,5);C6:(0,2,2,4,4,5);C6:(0,5,5,5,5,5);C6:(1,1,3,3,5,5);C6:(1,1,4,4,4,5);C6:(1,1,5,5,5,5);C6:(2,2,2,5,5,5);C6:(5,5,5,5,5,5)"
C6,chain_closure_only,middle_heavy,average_rank_lift_cost,dedup_equal_points,32,9,"C6:(0,1,2,3,4,5);C6:(0,1,2,4,4,5);C6:(0,1,3,3,5,5);C6:(0,5,5,5,5,5);C6:(1,1,3,3,5,5);C6:(1,1,4,4,4,5);C6:(1,1,5,5,5,5);C6:(2,2,2,5,5,5);C6:(5,5,5,5,5,5)"
C6,chain_closure_only,middle_heavy,normalized_total_rank_lift_cost,keep_all_nondominated,32,11,"C6:(0,1,2,3,4,5);C6:(0,1,2,4,4,5);C6:(0,1,3,3,4,5);C6:(0,1,3,3,5,5);C6:(0,2,2,4,4,5);C6:(0,5,5,5,5,5);C6:(1,1,3,3,5,5);C6:(1,1,4,4,4,5);C6:(1,1,5,5,5,5);C6:(2,2,2,5,5,5);C6:(5,5,5,5,5,5)"
C6,chain_closure_only,middle_heavy,normalized_total_rank_lift_cost,dedup_equal_points,32,9,"C6:(0,1,2,3,4,5);C6:(0,1,2,4,4,5);C6:(0,1,3,3,5,5);C6:(0,5,5,5,5,5);C6:(1,1,3,3,5,5);C6:(1,1,4,4,4,5);C6:(1,1,5,5,5,5);C6:(2,2,2,5,5,5);C6:(5,5,5,5,5,5)"
C6,chain_step_family,uniform,moved_points_cost,keep_all_nondominated,6,6,"C6:(0,1,2,3,4,5);C6:(1,2,3,4,5,5);C6:(2,3,4,5,5,5);C6:(3,4,5,5,5,5);C6:(4,5,5,5,5,5);C6:(5,5,5,5,5,5)"
C6,chain_step_family,uniform,moved_points_cost,dedup_equal_points,6,2,"C6:(0,1,2,3,4,5);C6:(1,2,3,4,5,5)"
C6,chain_step_family,uniform,total_rank_lift_cost,keep_all_nondominated,6,2,"C6:(0,1,2,3,4,5);C6:(1,2,3,4,5,5)"
C6,chain_step_family,uniform,total_rank_lift_cost,dedup_equal_points,6,2,"C6:(0,1,2,3,4,5);C6:(1,2,3,4,5,5)"
C6,chain_step_family,uniform,average_rank_lift_cost,keep_all_nondominated,6,2,"C6:(0,1,2,3,4,5);C6:(1,2,3,4,5,5)"
C6,chain_step_family,uniform,average_rank_lift_cost,dedup_equal_points,6,2,"C6:(0,1,2,3,4,5);C6:(1,2,3,4,5,5)"
C6,chain_step_family,uniform,normalized_total_rank_lift_cost,keep_all_nondominated,6,2,"C6:(0,1,2,3,4,5);C6:(1,2,3,4,5,5)"
C6,chain_step_family,uniform,normalized_total_rank_lift_cost,dedup_equal_points,6,2,"C6:(0,1,2,3,4,5);C6:(1,2,3,4,5,5)"
C6,chain_step_family,top_heavy,moved_points_cost,keep_all_nondominated,6,6,"C6:(0,1,2,3,4,5);C6:(1,2,3,4,5,5);C6:(2,3,4,5,5,5);C6:(3,4,5,5,5,5);C6:(4,5,5,5,5,5);C6:(5,5,5,5,5,5)"
C6,chain_step_family,top_heavy,moved_points_cost,dedup_equal_points,6,2,"C6:(0,1,2,3,4,5);C6:(1,2,3,4,5,5)"
C6,chain_step_family,top_heavy,total_rank_lift_cost,keep_all_nondominated,6,2,"C6:(0,1,2,3,4,5);C6:(1,2,3,4,5,5)"
C6,chain_step_family,top_heavy,total_rank_lift_cost,dedup_equal_points,6,2,"C6:(0,1,2,3,4,5);C6:(1,2,3,4,5,5)"
C6,chain_step_family,top_heavy,average_rank_lift_cost,keep_all_nondominated,6,2,"C6:(0,1,2,3,4,5);C6:(1,2,3,4,5,5)"
C6,chain_step_family,top_heavy,average_rank_lift_cost,dedup_equal_points,6,2,"C6:(0,1,2,3,4,5);C6:(1,2,3,4,5,5)"
C6,chain_step_family,top_heavy,normalized_total_rank_lift_cost,keep_all_nondominated,6,2,"C6:(0,1,2,3,4,5);C6:(1,2,3,4,5,5)"
C6,chain_step_family,top_heavy,normalized_total_rank_lift_cost,dedup_equal_points,6,2,"C6:(0,1,2,3,4,5);C6:(1,2,3,4,5,5)"
C6,chain_step_family,bottom_heavy,moved_points_cost,keep_all_nondominated,6,6,"C6:(0,1,2,3,4,5);C6:(1,2,3,4,5,5);C6:(2,3,4,5,5,5);C6:(3,4,5,5,5,5);C6:(4,5,5,5,5,5);C6:(5,5,5,5,5,5)"
C6,chain_step_family,bottom_heavy,moved_points_cost,dedup_equal_points,6,2,"C6:(0,1,2,3,4,5);C6:(1,2,3,4,5,5)"
C6,chain_step_family,bottom_heavy,total_rank_lift_cost,keep_all_nondominated,6,2,"C6:(0,1,2,3,4,5);C6:(1,2,3,4,5,5)"
C6,chain_step_family,bottom_heavy,total_rank_lift_cost,dedup_equal_points,6,2,"C6:(0,1,2,3,4,5);C6:(1,2,3,4,5,5)"
C6,chain_step_family,bottom_heavy,average_rank_lift_cost,keep_all_nondominated,6,2,"C6:(0,1,2,3,4,5);C6:(1,2,3,4,5,5)"
C6,chain_step_family,bottom_heavy,average_rank_lift_cost,dedup_equal_points,6,2,"C6:(0,1,2,3,4,5);C6:(1,2,3,4,5,5)"
C6,chain_step_family,bottom_heavy,normalized_total_rank_lift_cost,keep_all_nondominated,6,2,"C6:(0,1,2,3,4,5);C6:(1,2,3,4,5,5)"
C6,chain_step_family,bottom_heavy,normalized_total_rank_lift_cost,dedup_equal_points,6,2,"C6:(0,1,2,3,4,5);C6:(1,2,3,4,5,5)"
C6,chain_step_family,middle_heavy,moved_points_cost,keep_all_nondominated,6,6,"C6:(0,1,2,3,4,5);C6:(1,2,3,4,5,5);C6:(2,3,4,5,5,5);C6:(3,4,5,5,5,5);C6:(4,5,5,5,5,5);C6:(5,5,5,5,5,5)"
C6,chain_step_family,middle_heavy,moved_points_cost,dedup_equal_points,6,2,"C6:(0,1,2,3,4,5);C6:(1,2,3,4,5,5)"
C6,chain_step_family,middle_heavy,total_rank_lift_cost,keep_all_nondominated,6,2,"C6:(0,1,2,3,4,5);C6:(1,2,3,4,5,5)"
C6,chain_step_family,middle_heavy,total_rank_lift_cost,dedup_equal_points,6,2,"C6:(0,1,2,3,4,5);C6:(1,2,3,4,5,5)"
C6,chain_step_family,middle_heavy,average_rank_lift_cost,keep_all_nondominated,6,2,"C6:(0,1,2,3,4,5);C6:(1,2,3,4,5,5)"
C6,chain_step_family,middle_heavy,average_rank_lift_cost,dedup_equal_points,6,2,"C6:(0,1,2,3,4,5);C6:(1,2,3,4,5,5)"
C6,chain_step_family,middle_heavy,normalized_total_rank_lift_cost,keep_all_nondominated,6,2,"C6:(0,1,2,3,4,5);C6:(1,2,3,4,5,5)"
C6,chain_step_family,middle_heavy,normalized_total_rank_lift_cost,dedup_equal_points,6,2,"C6:(0,1,2,3,4,5);C6:(1,2,3,4,5,5)"
B1,boolean_all_monotone_inflationary,uniform,moved_points_cost,keep_all_nondominated,2,2,"B1:(0,1);B1:(1,1)"
B1,boolean_all_monotone_inflationary,uniform,moved_points_cost,dedup_equal_points,2,2,"B1:(0,1);B1:(1,1)"
B1,boolean_all_monotone_inflationary,uniform,total_rank_lift_cost,keep_all_nondominated,2,2,"B1:(0,1);B1:(1,1)"
B1,boolean_all_monotone_inflationary,uniform,total_rank_lift_cost,dedup_equal_points,2,2,"B1:(0,1);B1:(1,1)"
B1,boolean_all_monotone_inflationary,uniform,average_rank_lift_cost,keep_all_nondominated,2,2,"B1:(0,1);B1:(1,1)"
B1,boolean_all_monotone_inflationary,uniform,average_rank_lift_cost,dedup_equal_points,2,2,"B1:(0,1);B1:(1,1)"
B1,boolean_all_monotone_inflationary,uniform,normalized_total_rank_lift_cost,keep_all_nondominated,2,2,"B1:(0,1);B1:(1,1)"
B1,boolean_all_monotone_inflationary,uniform,normalized_total_rank_lift_cost,dedup_equal_points,2,2,"B1:(0,1);B1:(1,1)"
B1,boolean_all_monotone_inflationary,top_heavy,moved_points_cost,keep_all_nondominated,2,2,"B1:(0,1);B1:(1,1)"
B1,boolean_all_monotone_inflationary,top_heavy,moved_points_cost,dedup_equal_points,2,2,"B1:(0,1);B1:(1,1)"
B1,boolean_all_monotone_inflationary,top_heavy,total_rank_lift_cost,keep_all_nondominated,2,2,"B1:(0,1);B1:(1,1)"
B1,boolean_all_monotone_inflationary,top_heavy,total_rank_lift_cost,dedup_equal_points,2,2,"B1:(0,1);B1:(1,1)"
B1,boolean_all_monotone_inflationary,top_heavy,average_rank_lift_cost,keep_all_nondominated,2,2,"B1:(0,1);B1:(1,1)"
B1,boolean_all_monotone_inflationary,top_heavy,average_rank_lift_cost,dedup_equal_points,2,2,"B1:(0,1);B1:(1,1)"
B1,boolean_all_monotone_inflationary,top_heavy,normalized_total_rank_lift_cost,keep_all_nondominated,2,2,"B1:(0,1);B1:(1,1)"
B1,boolean_all_monotone_inflationary,top_heavy,normalized_total_rank_lift_cost,dedup_equal_points,2,2,"B1:(0,1);B1:(1,1)"
B1,boolean_all_monotone_inflationary,bottom_heavy,moved_points_cost,keep_all_nondominated,2,2,"B1:(0,1);B1:(1,1)"
B1,boolean_all_monotone_inflationary,bottom_heavy,moved_points_cost,dedup_equal_points,2,2,"B1:(0,1);B1:(1,1)"
B1,boolean_all_monotone_inflationary,bottom_heavy,total_rank_lift_cost,keep_all_nondominated,2,2,"B1:(0,1);B1:(1,1)"
B1,boolean_all_monotone_inflationary,bottom_heavy,total_rank_lift_cost,dedup_equal_points,2,2,"B1:(0,1);B1:(1,1)"
B1,boolean_all_monotone_inflationary,bottom_heavy,average_rank_lift_cost,keep_all_nondominated,2,2,"B1:(0,1);B1:(1,1)"
B1,boolean_all_monotone_inflationary,bottom_heavy,average_rank_lift_cost,dedup_equal_points,2,2,"B1:(0,1);B1:(1,1)"
B1,boolean_all_monotone_inflationary,bottom_heavy,normalized_total_rank_lift_cost,keep_all_nondominated,2,2,"B1:(0,1);B1:(1,1)"
B1,boolean_all_monotone_inflationary,bottom_heavy,normalized_total_rank_lift_cost,dedup_equal_points,2,2,"B1:(0,1);B1:(1,1)"
B1,boolean_all_monotone_inflationary,middle_heavy,moved_points_cost,keep_all_nondominated,2,2,"B1:(0,1);B1:(1,1)"
B1,boolean_all_monotone_inflationary,middle_heavy,moved_points_cost,dedup_equal_points,2,2,"B1:(0,1);B1:(1,1)"
B1,boolean_all_monotone_inflationary,middle_heavy,total_rank_lift_cost,keep_all_nondominated,2,2,"B1:(0,1);B1:(1,1)"
B1,boolean_all_monotone_inflationary,middle_heavy,total_rank_lift_cost,dedup_equal_points,2,2,"B1:(0,1);B1:(1,1)"
B1,boolean_all_monotone_inflationary,middle_heavy,average_rank_lift_cost,keep_all_nondominated,2,2,"B1:(0,1);B1:(1,1)"
B1,boolean_all_monotone_inflationary,middle_heavy,average_rank_lift_cost,dedup_equal_points,2,2,"B1:(0,1);B1:(1,1)"
B1,boolean_all_monotone_inflationary,middle_heavy,normalized_total_rank_lift_cost,keep_all_nondominated,2,2,"B1:(0,1);B1:(1,1)"
B1,boolean_all_monotone_inflationary,middle_heavy,normalized_total_rank_lift_cost,dedup_equal_points,2,2,"B1:(0,1);B1:(1,1)"
B2,boolean_all_monotone_inflationary,uniform,moved_points_cost,keep_all_nondominated,9,9,"B2:(0,1,2,3);B2:(0,1,3,3);B2:(0,3,2,3);B2:(0,3,3,3);B2:(1,1,3,3);B2:(1,3,3,3);B2:(2,3,2,3);B2:(2,3,3,3);B2:(3,3,3,3)"
B2,boolean_all_monotone_inflationary,uniform,moved_points_cost,dedup_equal_points,9,4,"B2:(0,1,2,3);B2:(0,1,3,3);B2:(0,3,3,3);B2:(1,3,3,3)"
B2,boolean_all_monotone_inflationary,uniform,total_rank_lift_cost,keep_all_nondominated,9,8,"B2:(0,1,2,3);B2:(0,1,3,3);B2:(0,3,2,3);B2:(0,3,3,3);B2:(1,1,3,3);B2:(1,3,3,3);B2:(2,3,2,3);B2:(2,3,3,3)"
B2,boolean_all_monotone_inflationary,uniform,total_rank_lift_cost,dedup_equal_points,9,4,"B2:(0,1,2,3);B2:(0,1,3,3);B2:(0,3,3,3);B2:(1,3,3,3)"
B2,boolean_all_monotone_inflationary,uniform,average_rank_lift_cost,keep_all_nondominated,9,8,"B2:(0,1,2,3);B2:(0,1,3,3);B2:(0,3,2,3);B2:(0,3,3,3);B2:(1,1,3,3);B2:(1,3,3,3);B2:(2,3,2,3);B2:(2,3,3,3)"
B2,boolean_all_monotone_inflationary,uniform,average_rank_lift_cost,dedup_equal_points,9,4,"B2:(0,1,2,3);B2:(0,1,3,3);B2:(0,3,3,3);B2:(1,3,3,3)"
B2,boolean_all_monotone_inflationary,uniform,normalized_total_rank_lift_cost,keep_all_nondominated,9,8,"B2:(0,1,2,3);B2:(0,1,3,3);B2:(0,3,2,3);B2:(0,3,3,3);B2:(1,1,3,3);B2:(1,3,3,3);B2:(2,3,2,3);B2:(2,3,3,3)"
B2,boolean_all_monotone_inflationary,uniform,normalized_total_rank_lift_cost,dedup_equal_points,9,4,"B2:(0,1,2,3);B2:(0,1,3,3);B2:(0,3,3,3);B2:(1,3,3,3)"
B2,boolean_all_monotone_inflationary,top_heavy,moved_points_cost,keep_all_nondominated,9,7,"B2:(0,1,2,3);B2:(0,1,3,3);B2:(0,3,2,3);B2:(0,3,3,3);B2:(1,3,3,3);B2:(2,3,3,3);B2:(3,3,3,3)"
B2,boolean_all_monotone_inflationary,top_heavy,moved_points_cost,dedup_equal_points,9,4,"B2:(0,1,2,3);B2:(0,1,3,3);B2:(0,3,3,3);B2:(1,3,3,3)"
B2,boolean_all_monotone_inflationary,top_heavy,total_rank_lift_cost,keep_all_nondominated,9,6,"B2:(0,1,2,3);B2:(0,1,3,3);B2:(0,3,2,3);B2:(0,3,3,3);B2:(1,3,3,3);B2:(2,3,3,3)"
B2,boolean_all_monotone_inflationary,top_heavy,total_rank_lift_cost,dedup_equal_points,9,4,"B2:(0,1,2,3);B2:(0,1,3,3);B2:(0,3,3,3);B2:(1,3,3,3)"
B2,boolean_all_monotone_inflationary,top_heavy,average_rank_lift_cost,keep_all_nondominated,9,6,"B2:(0,1,2,3);B2:(0,1,3,3);B2:(0,3,2,3);B2:(0,3,3,3);B2:(1,3,3,3);B2:(2,3,3,3)"
B2,boolean_all_monotone_inflationary,top_heavy,average_rank_lift_cost,dedup_equal_points,9,4,"B2:(0,1,2,3);B2:(0,1,3,3);B2:(0,3,3,3);B2:(1,3,3,3)"
B2,boolean_all_monotone_inflationary,top_heavy,normalized_total_rank_lift_cost,keep_all_nondominated,9,6,"B2:(0,1,2,3);B2:(0,1,3,3);B2:(0,3,2,3);B2:(0,3,3,3);B2:(1,3,3,3);B2:(2,3,3,3)"
B2,boolean_all_monotone_inflationary,top_heavy,normalized_total_rank_lift_cost,dedup_equal_points,9,4,"B2:(0,1,2,3);B2:(0,1,3,3);B2:(0,3,3,3);B2:(1,3,3,3)"
B2,boolean_all_monotone_inflationary,bottom_heavy,moved_points_cost,keep_all_nondominated,9,8,"B2:(0,1,2,3);B2:(0,1,3,3);B2:(0,3,2,3);B2:(1,1,3,3);B2:(1,3,3,3);B2:(2,3,2,3);B2:(2,3,3,3);B2:(3,3,3,3)"
B2,boolean_all_monotone_inflationary,bottom_heavy,moved_points_cost,dedup_equal_points,9,4,"B2:(0,1,2,3);B2:(0,1,3,3);B2:(1,1,3,3);B2:(1,3,3,3)"
B2,boolean_all_monotone_inflationary,bottom_heavy,total_rank_lift_cost,keep_all_nondominated,9,7,"B2:(0,1,2,3);B2:(0,1,3,3);B2:(0,3,2,3);B2:(1,1,3,3);B2:(1,3,3,3);B2:(2,3,2,3);B2:(2,3,3,3)"
B2,boolean_all_monotone_inflationary,bottom_heavy,total_rank_lift_cost,dedup_equal_points,9,4,"B2:(0,1,2,3);B2:(0,1,3,3);B2:(1,1,3,3);B2:(1,3,3,3)"
B2,boolean_all_monotone_inflationary,bottom_heavy,average_rank_lift_cost,keep_all_nondominated,9,7,"B2:(0,1,2,3);B2:(0,1,3,3);B2:(0,3,2,3);B2:(1,1,3,3);B2:(1,3,3,3);B2:(2,3,2,3);B2:(2,3,3,3)"
B2,boolean_all_monotone_inflationary,bottom_heavy,average_rank_lift_cost,dedup_equal_points,9,4,"B2:(0,1,2,3);B2:(0,1,3,3);B2:(1,1,3,3);B2:(1,3,3,3)"
B2,boolean_all_monotone_inflationary,bottom_heavy,normalized_total_rank_lift_cost,keep_all_nondominated,9,7,"B2:(0,1,2,3);B2:(0,1,3,3);B2:(0,3,2,3);B2:(1,1,3,3);B2:(1,3,3,3);B2:(2,3,2,3);B2:(2,3,3,3)"
B2,boolean_all_monotone_inflationary,bottom_heavy,normalized_total_rank_lift_cost,dedup_equal_points,9,4,"B2:(0,1,2,3);B2:(0,1,3,3);B2:(1,1,3,3);B2:(1,3,3,3)"
B2,boolean_all_monotone_inflationary,middle_heavy,moved_points_cost,keep_all_nondominated,9,7,"B2:(0,1,2,3);B2:(0,1,3,3);B2:(0,3,2,3);B2:(0,3,3,3);B2:(1,3,3,3);B2:(2,3,3,3);B2:(3,3,3,3)"
B2,boolean_all_monotone_inflationary,middle_heavy,moved_points_cost,dedup_equal_points,9,4,"B2:(0,1,2,3);B2:(0,1,3,3);B2:(0,3,3,3);B2:(1,3,3,3)"
B2,boolean_all_monotone_inflationary,middle_heavy,total_rank_lift_cost,keep_all_nondominated,9,6,"B2:(0,1,2,3);B2:(0,1,3,3);B2:(0,3,2,3);B2:(0,3,3,3);B2:(1,3,3,3);B2:(2,3,3,3)"
B2,boolean_all_monotone_inflationary,middle_heavy,total_rank_lift_cost,dedup_equal_points,9,4,"B2:(0,1,2,3);B2:(0,1,3,3);B2:(0,3,3,3);B2:(1,3,3,3)"
B2,boolean_all_monotone_inflationary,middle_heavy,average_rank_lift_cost,keep_all_nondominated,9,6,"B2:(0,1,2,3);B2:(0,1,3,3);B2:(0,3,2,3);B2:(0,3,3,3);B2:(1,3,3,3);B2:(2,3,3,3)"
B2,boolean_all_monotone_inflationary,middle_heavy,average_rank_lift_cost,dedup_equal_points,9,4,"B2:(0,1,2,3);B2:(0,1,3,3);B2:(0,3,3,3);B2:(1,3,3,3)"
B2,boolean_all_monotone_inflationary,middle_heavy,normalized_total_rank_lift_cost,keep_all_nondominated,9,6,"B2:(0,1,2,3);B2:(0,1,3,3);B2:(0,3,2,3);B2:(0,3,3,3);B2:(1,3,3,3);B2:(2,3,3,3)"
B2,boolean_all_monotone_inflationary,middle_heavy,normalized_total_rank_lift_cost,dedup_equal_points,9,4,"B2:(0,1,2,3);B2:(0,1,3,3);B2:(0,3,3,3);B2:(1,3,3,3)"
B3,boolean_all_monotone_inflationary,uniform,moved_points_cost,keep_all_nondominated,216,216,"B3:(0,1,2,3,4,5,6,7);B3:(0,1,2,3,4,5,7,7);B3:(0,1,2,3,4,7,6,7);B3:(0,1,2,3,4,7,7,7);B3:(0,1,2,3,7,5,6,7);B3:(0,1,2,3,7,5,7,7);B3:(0,1,2,3,7,7,6,7);B3:(0,1,2,3,7,7,7,7);B3:(0,1,2,5,4,5,7,7);B3:(0,1,2,5,4,7,7,7);B3:(0,1,2,5,7,5,7,7);B3:(0,1,2,5,7,7,7,7);B3:(0,1,2,6,4,7,6,7);B3:(0,1,2,6,4,7,7,7);B3:(0,1,2,6,7,7,6,7);B3:(0,1,2,6,7,7,7,7);B3:(0,1,2,7,4,7,7,7);B3:(0,1,2,7,7,7,7,7);B3:(0,1,4,3,4,5,7,7);B3:(0,1,4,3,4,7,7,7);B3:(0,1,4,3,7,5,7,7);B3:(0,1,4,3,7,7,7,7);B3:(0,1,4,5,4,5,7,7);B3:(0,1,4,5,4,7,7,7);B3:(0,1,4,5,7,5,7,7);B3:(0,1,4,5,7,7,7,7);B3:(0,1,4,6,4,7,7,7);B3:(0,1,4,6,7,7,7,7);B3:(0,1,4,7,4,7,7,7);B3:(0,1,4,7,7,7,7,7);B3:(0,1,6,3,7,5,6,7);B3:(0,1,6,3,7,5,7,7);B3:(0,1,6,3,7,7,6,7);B3:(0,1,6,3,7,7,7,7);B3:(0,1,6,5,7,5,7,7);B3:(0,1,6,5,7,7,7,7);B3:(0,1,6,6,7,7,6,7);B3:(0,1,6,6,7,7,7,7);B3:(0,1,6,7,7,7,7,7);B3:(0,1,7,3,7,5,7,7);B3:(0,1,7,3,7,7,7,7);B3:(0,1,7,5,7,5,7,7);B3:(0,1,7,5,7,7,7,7);B3:(0,1,7,6,7,7,7,7);B3:(0,1,7,7,7,7,7,7);B3:(0,4,2,3,4,7,6,7);B3:(0,4,2,3,4,7,7,7);B3:(0,4,2,3,7,7,6,7);B3:(0,4,2,3,7,7,7,7);B3:(0,4,2,5,4,7,7,7);B3:(0,4,2,5,7,7,7,7);B3:(0,4,2,6,4,7,6,7);B3:(0,4,2,6,4,7,7,7);B3:(0,4,2,6,7,7,6,7);B3:(0,4,2,6,7,7,7,7);B3:(0,4,2,7,4,7,7,7);B3:(0,4,2,7,7,7,7,7);B3:(0,4,4,3,4,7,7,7);B3:(0,4,4,3,7,7,7,7);B3:(0,4,4,5,4,7,7,7);B3:(0,4,4,5,7,7,7,7);B3:(0,4,4,6,4,7,7,7);B3:(0,4,4,6,7,7,7,7);B3:(0,4,4,7,4,7,7,7);B3:(0,4,4,7,7,7,7,7);B3:(0,4,6,3,7,7,6,7);B3:(0,4,6,3,7,7,7,7);B3:(0,4,6,5,7,7,7,7);B3:(0,4,6,6,7,7,6,7);B3:(0,4,6,6,7,7,7,7);B3:(0,4,6,7,7,7,7,7);B3:(0,4,7,3,7,7,7,7);B3:(0,4,7,5,7,7,7,7);B3:(0,4,7,6,7,7,7,7);B3:(0,4,7,7,7,7,7,7);B3:(0,5,2,3,7,5,6,7);B3:(0,5,2,3,7,5,7,7);B3:(0,5,2,3,7,7,6,7);B3:(0,5,2,3,7,7,7,7);B3:(0,5,2,5,7,5,7,7);B3:(0,5,2,5,7,7,7,7);B3:(0,5,2,6,7,7,6,7);B3:(0,5,2,6,7,7,7,7);B3:(0,5,2,7,7,7,7,7);B3:(0,5,4,3,7,5,7,7);B3:(0,5,4,3,7,7,7,7);B3:(0,5,4,5,7,5,7,7);B3:(0,5,4,5,7,7,7,7);B3:(0,5,4,6,7,7,7,7);B3:(0,5,4,7,7,7,7,7);B3:(0,5,6,3,7,5,6,7);B3:(0,5,6,3,7,5,7,7);B3:(0,5,6,3,7,7,6,7);B3:(0,5,6,3,7,7,7,7);B3:(0,5,6,5,7,5,7,7);B3:(0,5,6,5,7,7,7,7);B3:(0,5,6,6,7,7,6,7);B3:(0,5,6,6,7,7,7,7);B3:(0,5,6,7,7,7,7,7);B3:(0,5,7,3,7,5,7,7);B3:(0,5,7,3,7,7,7,7);B3:(0,5,7,5,7,5,7,7);B3:(0,5,7,5,7,7,7,7);B3:(0,5,7,6,7,7,7,7);B3:(0,5,7,7,7,7,7,7);B3:(0,7,2,3,7,7,6,7);B3:(0,7,2,3,7,7,7,7);B3:(0,7,2,5,7,7,7,7);B3:(0,7,2,6,7,7,6,7);B3:(0,7,2,6,7,7,7,7);B3:(0,7,2,7,7,7,7,7);B3:(0,7,4,3,7,7,7,7);B3:(0,7,4,5,7,7,7,7);B3:(0,7,4,6,7,7,7,7);B3:(0,7,4,7,7,7,7,7);B3:(0,7,6,3,7,7,6,7);B3:(0,7,6,3,7,7,7,7);B3:(0,7,6,5,7,7,7,7);B3:(0,7,6,6,7,7,6,7);B3:(0,7,6,6,7,7,7,7);B3:(0,7,6,7,7,7,7,7);B3:(0,7,7,3,7,7,7,7);B3:(0,7,7,5,7,7,7,7);B3:(0,7,7,6,7,7,7,7);B3:(0,7,7,7,7,7,7,7);B3:(1,1,4,5,4,5,7,7);B3:(1,1,4,5,4,7,7,7);B3:(1,1,4,5,7,5,7,7);B3:(1,1,4,5,7,7,7,7);B3:(1,1,4,7,4,7,7,7);B3:(1,1,4,7,7,7,7,7);B3:(1,1,7,5,7,5,7,7);B3:(1,1,7,5,7,7,7,7);B3:(1,1,7,7,7,7,7,7);B3:(1,4,4,5,4,7,7,7);B3:(1,4,4,5,7,7,7,7);B3:(1,4,4,7,4,7,7,7);B3:(1,4,4,7,7,7,7,7);B3:(1,4,7,5,7,7,7,7);B3:(1,4,7,7,7,7,7,7);B3:(1,5,4,5,7,5,7,7);B3:(1,5,4,5,7,7,7,7);B3:(1,5,4,7,7,7,7,7);B3:(1,5,7,5,7,5,7,7);B3:(1,5,7,5,7,7,7,7);B3:(1,5,7,7,7,7,7,7);B3:(1,7,4,5,7,7,7,7);B3:(1,7,4,7,7,7,7,7);B3:(1,7,7,5,7,7,7,7);B3:(1,7,7,7,7,7,7,7);B3:(2,4,2,6,4,7,6,7);B3:(2,4,2,6,4,7,7,7);B3:(2,4,2,6,7,7,6,7);B3:(2,4,2,6,7,7,7,7);B3:(2,4,2,7,4,7,7,7);B3:(2,4,2,7,7,7,7,7);B3:(2,4,4,6,4,7,7,7);B3:(2,4,4,6,7,7,7,7);B3:(2,4,4,7,4,7,7,7);B3:(2,4,4,7,7,7,7,7);B3:(2,4,6,6,7,7,6,7);B3:(2,4,6,6,7,7,7,7);B3:(2,4,6,7,7,7,7,7);B3:(2,4,7,6,7,7,7,7);B3:(2,4,7,7,7,7,7,7);B3:(2,7,2,6,7,7,6,7);B3:(2,7,2,6,7,7,7,7);B3:(2,7,2,7,7,7,7,7);B3:(2,7,4,6,7,7,7,7);B3:(2,7,4,7,7,7,7,7);B3:(2,7,6,6,7,7,6,7);B3:(2,7,6,6,7,7,7,7);B3:(2,7,6,7,7,7,7,7);B3:(2,7,7,6,7,7,7,7);B3:(2,7,7,7,7,7,7,7);B3:(3,5,6,3,7,5,6,7);B3:(3,5,6,3,7,5,7,7);B3:(3,5,6,3,7,7,6,7);B3:(3,5,6,3,7,7,7,7);B3:(3,5,6,5,7,5,7,7);B3:(3,5,6,5,7,7,7,7);B3:(3,5,6,6,7,7,6,7);B3:(3,5,6,6,7,7,7,7);B3:(3,5,6,7,7,7,7,7);B3:(3,5,7,3,7,5,7,7);B3:(3,5,7,3,7,7,7,7);B3:(3,5,7,5,7,5,7,7);B3:(3,5,7,5,7,7,7,7);B3:(3,5,7,6,7,7,7,7);B3:(3,5,7,7,7,7,7,7);B3:(3,7,6,3,7,7,6,7);B3:(3,7,6,3,7,7,7,7);B3:(3,7,6,5,7,7,7,7);B3:(3,7,6,6,7,7,6,7);B3:(3,7,6,6,7,7,7,7);B3:(3,7,6,7,7,7,7,7);B3:(3,7,7,3,7,7,7,7);B3:(3,7,7,5,7,7,7,7);B3:(3,7,7,6,7,7,7,7);B3:(3,7,7,7,7,7,7,7);B3:(4,4,4,7,4,7,7,7);B3:(4,4,4,7,7,7,7,7);B3:(4,4,7,7,7,7,7,7);B3:(4,7,4,7,7,7,7,7);B3:(4,7,7,7,7,7,7,7);B3:(5,5,7,5,7,5,7,7);B3:(5,5,7,5,7,7,7,7);B3:(5,5,7,7,7,7,7,7);B3:(5,7,7,5,7,7,7,7);B3:(5,7,7,7,7,7,7,7);B3:(6,7,6,6,7,7,6,7);B3:(6,7,6,6,7,7,7,7);B3:(6,7,6,7,7,7,7,7);B3:(6,7,7,6,7,7,7,7);B3:(6,7,7,7,7,7,7,7);B3:(7,7,7,7,7,7,7,7)"
B3,boolean_all_monotone_inflationary,uniform,moved_points_cost,dedup_equal_points,216,8,"B3:(0,1,2,3,4,5,6,7);B3:(0,1,2,3,4,5,7,7);B3:(0,1,2,3,4,7,7,7);B3:(0,1,2,3,7,7,7,7);B3:(0,1,2,5,7,7,7,7);B3:(0,1,4,5,7,7,7,7);B3:(0,4,4,5,7,7,7,7);B3:(1,4,4,5,7,7,7,7)"
B3,boolean_all_monotone_inflationary,uniform,total_rank_lift_cost,keep_all_nondominated,216,100,"B3:(0,1,2,3,4,5,6,7);B3:(0,1,2,3,4,5,7,7);B3:(0,1,2,3,4,7,6,7);B3:(0,1,2,3,4,7,7,7);B3:(0,1,2,3,7,5,6,7);B3:(0,1,2,3,7,5,7,7);B3:(0,1,2,3,7,7,6,7);B3:(0,1,2,3,7,7,7,7);B3:(0,1,2,5,4,5,7,7);B3:(0,1,2,5,4,7,7,7);B3:(0,1,2,5,7,5,7,7);B3:(0,1,2,5,7,7,7,7);B3:(0,1,2,6,4,7,6,7);B3:(0,1,2,6,4,7,7,7);B3:(0,1,2,6,7,7,6,7);B3:(0,1,2,6,7,7,7,7);B3:(0,1,4,3,4,5,7,7);B3:(0,1,4,3,4,7,7,7);B3:(0,1,4,3,7,5,7,7);B3:(0,1,4,3,7,7,7,7);B3:(0,1,4,5,4,5,7,7);B3:(0,1,4,5,4,7,7,7);B3:(0,1,4,5,7,5,7,7);B3:(0,1,4,5,7,7,7,7);B3:(0,1,4,6,4,7,7,7);B3:(0,1,4,6,7,7,7,7);B3:(0,1,6,3,7,5,6,7);B3:(0,1,6,3,7,5,7,7);B3:(0,1,6,3,7,7,6,7);B3:(0,1,6,3,7,7,7,7);B3:(0,1,6,5,7,5,7,7);B3:(0,1,6,5,7,7,7,7);B3:(0,1,6,6,7,7,6,7);B3:(0,1,6,6,7,7,7,7);B3:(0,4,2,3,4,7,6,7);B3:(0,4,2,3,4,7,7,7);B3:(0,4,2,3,7,7,6,7);B3:(0,4,2,3,7,7,7,7);B3:(0,4,2,5,4,7,7,7);B3:(0,4,2,5,7,7,7,7);B3:(0,4,2,6,4,7,6,7);B3:(0,4,2,6,4,7,7,7);B3:(0,4,2,6,7,7,6,7);B3:(0,4,2,6,7,7,7,7);B3:(0,4,4,3,4,7,7,7);B3:(0,4,4,3,7,7,7,7);B3:(0,4,4,5,4,7,7,7);B3:(0,4,4,5,7,7,7,7);B3:(0,4,4,6,4,7,7,7);B3:(0,4,4,6,7,7,7,7);B3:(0,4,6,3,7,7,6,7);B3:(0,4,6,3,7,7,7,7);B3:(0,4,6,5,7,7,7,7);B3:(0,4,6,6,7,7,6,7);B3:(0,4,6,6,7,7,7,7);B3:(0,5,2,3,7,5,6,7);B3:(0,5,2,3,7,5,7,7);B3:(0,5,2,3,7,7,6,7);B3:(0,5,2,3,7,7,7,7);B3:(0,5,2,5,7,5,7,7);B3:(0,5,2,5,7,7,7,7);B3:(0,5,2,6,7,7,6,7);B3:(0,5,2,6,7,7,7,7);B3:(0,5,4,3,7,5,7,7);B3:(0,5,4,3,7,7,7,7);B3:(0,5,4,5,7,5,7,7);B3:(0,5,4,5,7,7,7,7);B3:(0,5,4,6,7,7,7,7);B3:(0,5,6,3,7,5,6,7);B3:(0,5,6,3,7,5,7,7);B3:(0,5,6,3,7,7,6,7);B3:(0,5,6,3,7,7,7,7);B3:(0,5,6,5,7,5,7,7);B3:(0,5,6,5,7,7,7,7);B3:(0,5,6,6,7,7,6,7);B3:(0,5,6,6,7,7,7,7);B3:(1,1,4,5,4,5,7,7);B3:(1,1,4,5,4,7,7,7);B3:(1,1,4,5,7,5,7,7);B3:(1,1,4,5,7,7,7,7);B3:(1,4,4,5,4,7,7,7);B3:(1,4,4,5,7,7,7,7);B3:(1,5,4,5,7,5,7,7);B3:(1,5,4,5,7,7,7,7);B3:(2,4,2,6,4,7,6,7);B3:(2,4,2,6,4,7,7,7);B3:(2,4,2,6,7,7,6,7);B3:(2,4,2,6,7,7,7,7);B3:(2,4,4,6,4,7,7,7);B3:(2,4,4,6,7,7,7,7);B3:(2,4,6,6,7,7,6,7);B3:(2,4,6,6,7,7,7,7);B3:(3,5,6,3,7,5,6,7);B3:(3,5,6,3,7,5,7,7);B3:(3,5,6,3,7,7,6,7);B3:(3,5,6,3,7,7,7,7);B3:(3,5,6,5,7,5,7,7);B3:(3,5,6,5,7,7,7,7);B3:(3,5,6,6,7,7,6,7);B3:(3,5,6,6,7,7,7,7)"
B3,boolean_all_monotone_inflationary,uniform,total_rank_lift_cost,dedup_equal_points,216,8,"B3:(0,1,2,3,4,5,6,7);B3:(0,1,2,3,4,5,7,7);B3:(0,1,2,3,4,7,7,7);B3:(0,1,2,3,7,7,7,7);B3:(0,1,2,5,7,7,7,7);B3:(0,1,4,5,7,7,7,7);B3:(0,4,4,5,7,7,7,7);B3:(1,4,4,5,7,7,7,7)"
B3,boolean_all_monotone_inflationary,uniform,average_rank_lift_cost,keep_all_nondominated,216,100,"B3:(0,1,2,3,4,5,6,7);B3:(0,1,2,3,4,5,7,7);B3:(0,1,2,3,4,7,6,7);B3:(0,1,2,3,4,7,7,7);B3:(0,1,2,3,7,5,6,7);B3:(0,1,2,3,7,5,7,7);B3:(0,1,2,3,7,7,6,7);B3:(0,1,2,3,7,7,7,7);B3:(0,1,2,5,4,5,7,7);B3:(0,1,2,5,4,7,7,7);B3:(0,1,2,5,7,5,7,7);B3:(0,1,2,5,7,7,7,7);B3:(0,1,2,6,4,7,6,7);B3:(0,1,2,6,4,7,7,7);B3:(0,1,2,6,7,7,6,7);B3:(0,1,2,6,7,7,7,7);B3:(0,1,4,3,4,5,7,7);B3:(0,1,4,3,4,7,7,7);B3:(0,1,4,3,7,5,7,7);B3:(0,1,4,3,7,7,7,7);B3:(0,1,4,5,4,5,7,7);B3:(0,1,4,5,4,7,7,7);B3:(0,1,4,5,7,5,7,7);B3:(0,1,4,5,7,7,7,7);B3:(0,1,4,6,4,7,7,7);B3:(0,1,4,6,7,7,7,7);B3:(0,1,6,3,7,5,6,7);B3:(0,1,6,3,7,5,7,7);B3:(0,1,6,3,7,7,6,7);B3:(0,1,6,3,7,7,7,7);B3:(0,1,6,5,7,5,7,7);B3:(0,1,6,5,7,7,7,7);B3:(0,1,6,6,7,7,6,7);B3:(0,1,6,6,7,7,7,7);B3:(0,4,2,3,4,7,6,7);B3:(0,4,2,3,4,7,7,7);B3:(0,4,2,3,7,7,6,7);B3:(0,4,2,3,7,7,7,7);B3:(0,4,2,5,4,7,7,7);B3:(0,4,2,5,7,7,7,7);B3:(0,4,2,6,4,7,6,7);B3:(0,4,2,6,4,7,7,7);B3:(0,4,2,6,7,7,6,7);B3:(0,4,2,6,7,7,7,7);B3:(0,4,4,3,4,7,7,7);B3:(0,4,4,3,7,7,7,7);B3:(0,4,4,5,4,7,7,7);B3:(0,4,4,5,7,7,7,7);B3:(0,4,4,6,4,7,7,7);B3:(0,4,4,6,7,7,7,7);B3:(0,4,6,3,7,7,6,7);B3:(0,4,6,3,7,7,7,7);B3:(0,4,6,5,7,7,7,7);B3:(0,4,6,6,7,7,6,7);B3:(0,4,6,6,7,7,7,7);B3:(0,5,2,3,7,5,6,7);B3:(0,5,2,3,7,5,7,7);B3:(0,5,2,3,7,7,6,7);B3:(0,5,2,3,7,7,7,7);B3:(0,5,2,5,7,5,7,7);B3:(0,5,2,5,7,7,7,7);B3:(0,5,2,6,7,7,6,7);B3:(0,5,2,6,7,7,7,7);B3:(0,5,4,3,7,5,7,7);B3:(0,5,4,3,7,7,7,7);B3:(0,5,4,5,7,5,7,7);B3:(0,5,4,5,7,7,7,7);B3:(0,5,4,6,7,7,7,7);B3:(0,5,6,3,7,5,6,7);B3:(0,5,6,3,7,5,7,7);B3:(0,5,6,3,7,7,6,7);B3:(0,5,6,3,7,7,7,7);B3:(0,5,6,5,7,5,7,7);B3:(0,5,6,5,7,7,7,7);B3:(0,5,6,6,7,7,6,7);B3:(0,5,6,6,7,7,7,7);B3:(1,1,4,5,4,5,7,7);B3:(1,1,4,5,4,7,7,7);B3:(1,1,4,5,7,5,7,7);B3:(1,1,4,5,7,7,7,7);B3:(1,4,4,5,4,7,7,7);B3:(1,4,4,5,7,7,7,7);B3:(1,5,4,5,7,5,7,7);B3:(1,5,4,5,7,7,7,7);B3:(2,4,2,6,4,7,6,7);B3:(2,4,2,6,4,7,7,7);B3:(2,4,2,6,7,7,6,7);B3:(2,4,2,6,7,7,7,7);B3:(2,4,4,6,4,7,7,7);B3:(2,4,4,6,7,7,7,7);B3:(2,4,6,6,7,7,6,7);B3:(2,4,6,6,7,7,7,7);B3:(3,5,6,3,7,5,6,7);B3:(3,5,6,3,7,5,7,7);B3:(3,5,6,3,7,7,6,7);B3:(3,5,6,3,7,7,7,7);B3:(3,5,6,5,7,5,7,7);B3:(3,5,6,5,7,7,7,7);B3:(3,5,6,6,7,7,6,7);B3:(3,5,6,6,7,7,7,7)"
B3,boolean_all_monotone_inflationary,uniform,average_rank_lift_cost,dedup_equal_points,216,8,"B3:(0,1,2,3,4,5,6,7);B3:(0,1,2,3,4,5,7,7);B3:(0,1,2,3,4,7,7,7);B3:(0,1,2,3,7,7,7,7);B3:(0,1,2,5,7,7,7,7);B3:(0,1,4,5,7,7,7,7);B3:(0,4,4,5,7,7,7,7);B3:(1,4,4,5,7,7,7,7)"
B3,boolean_all_monotone_inflationary,uniform,normalized_total_rank_lift_cost,keep_all_nondominated,216,100,"B3:(0,1,2,3,4,5,6,7);B3:(0,1,2,3,4,5,7,7);B3:(0,1,2,3,4,7,6,7);B3:(0,1,2,3,4,7,7,7);B3:(0,1,2,3,7,5,6,7);B3:(0,1,2,3,7,5,7,7);B3:(0,1,2,3,7,7,6,7);B3:(0,1,2,3,7,7,7,7);B3:(0,1,2,5,4,5,7,7);B3:(0,1,2,5,4,7,7,7);B3:(0,1,2,5,7,5,7,7);B3:(0,1,2,5,7,7,7,7);B3:(0,1,2,6,4,7,6,7);B3:(0,1,2,6,4,7,7,7);B3:(0,1,2,6,7,7,6,7);B3:(0,1,2,6,7,7,7,7);B3:(0,1,4,3,4,5,7,7);B3:(0,1,4,3,4,7,7,7);B3:(0,1,4,3,7,5,7,7);B3:(0,1,4,3,7,7,7,7);B3:(0,1,4,5,4,5,7,7);B3:(0,1,4,5,4,7,7,7);B3:(0,1,4,5,7,5,7,7);B3:(0,1,4,5,7,7,7,7);B3:(0,1,4,6,4,7,7,7);B3:(0,1,4,6,7,7,7,7);B3:(0,1,6,3,7,5,6,7);B3:(0,1,6,3,7,5,7,7);B3:(0,1,6,3,7,7,6,7);B3:(0,1,6,3,7,7,7,7);B3:(0,1,6,5,7,5,7,7);B3:(0,1,6,5,7,7,7,7);B3:(0,1,6,6,7,7,6,7);B3:(0,1,6,6,7,7,7,7);B3:(0,4,2,3,4,7,6,7);B3:(0,4,2,3,4,7,7,7);B3:(0,4,2,3,7,7,6,7);B3:(0,4,2,3,7,7,7,7);B3:(0,4,2,5,4,7,7,7);B3:(0,4,2,5,7,7,7,7);B3:(0,4,2,6,4,7,6,7);B3:(0,4,2,6,4,7,7,7);B3:(0,4,2,6,7,7,6,7);B3:(0,4,2,6,7,7,7,7);B3:(0,4,4,3,4,7,7,7);B3:(0,4,4,3,7,7,7,7);B3:(0,4,4,5,4,7,7,7);B3:(0,4,4,5,7,7,7,7);B3:(0,4,4,6,4,7,7,7);B3:(0,4,4,6,7,7,7,7);B3:(0,4,6,3,7,7,6,7);B3:(0,4,6,3,7,7,7,7);B3:(0,4,6,5,7,7,7,7);B3:(0,4,6,6,7,7,6,7);B3:(0,4,6,6,7,7,7,7);B3:(0,5,2,3,7,5,6,7);B3:(0,5,2,3,7,5,7,7);B3:(0,5,2,3,7,7,6,7);B3:(0,5,2,3,7,7,7,7);B3:(0,5,2,5,7,5,7,7);B3:(0,5,2,5,7,7,7,7);B3:(0,5,2,6,7,7,6,7);B3:(0,5,2,6,7,7,7,7);B3:(0,5,4,3,7,5,7,7);B3:(0,5,4,3,7,7,7,7);B3:(0,5,4,5,7,5,7,7);B3:(0,5,4,5,7,7,7,7);B3:(0,5,4,6,7,7,7,7);B3:(0,5,6,3,7,5,6,7);B3:(0,5,6,3,7,5,7,7);B3:(0,5,6,3,7,7,6,7);B3:(0,5,6,3,7,7,7,7);B3:(0,5,6,5,7,5,7,7);B3:(0,5,6,5,7,7,7,7);B3:(0,5,6,6,7,7,6,7);B3:(0,5,6,6,7,7,7,7);B3:(1,1,4,5,4,5,7,7);B3:(1,1,4,5,4,7,7,7);B3:(1,1,4,5,7,5,7,7);B3:(1,1,4,5,7,7,7,7);B3:(1,4,4,5,4,7,7,7);B3:(1,4,4,5,7,7,7,7);B3:(1,5,4,5,7,5,7,7);B3:(1,5,4,5,7,7,7,7);B3:(2,4,2,6,4,7,6,7);B3:(2,4,2,6,4,7,7,7);B3:(2,4,2,6,7,7,6,7);B3:(2,4,2,6,7,7,7,7);B3:(2,4,4,6,4,7,7,7);B3:(2,4,4,6,7,7,7,7);B3:(2,4,6,6,7,7,6,7);B3:(2,4,6,6,7,7,7,7);B3:(3,5,6,3,7,5,6,7);B3:(3,5,6,3,7,5,7,7);B3:(3,5,6,3,7,7,6,7);B3:(3,5,6,3,7,7,7,7);B3:(3,5,6,5,7,5,7,7);B3:(3,5,6,5,7,7,7,7);B3:(3,5,6,6,7,7,6,7);B3:(3,5,6,6,7,7,7,7)"
B3,boolean_all_monotone_inflationary,uniform,normalized_total_rank_lift_cost,dedup_equal_points,216,8,"B3:(0,1,2,3,4,5,6,7);B3:(0,1,2,3,4,5,7,7);B3:(0,1,2,3,4,7,7,7);B3:(0,1,2,3,7,7,7,7);B3:(0,1,2,5,7,7,7,7);B3:(0,1,4,5,7,7,7,7);B3:(0,4,4,5,7,7,7,7);B3:(1,4,4,5,7,7,7,7)"
B3,boolean_all_monotone_inflationary,top_heavy,moved_points_cost,keep_all_nondominated,216,120,"B3:(0,1,2,3,4,5,6,7);B3:(0,1,2,3,4,5,7,7);B3:(0,1,2,3,4,7,6,7);B3:(0,1,2,3,4,7,7,7);B3:(0,1,2,3,7,5,6,7);B3:(0,1,2,3,7,5,7,7);B3:(0,1,2,3,7,7,6,7);B3:(0,1,2,3,7,7,7,7);B3:(0,1,2,5,7,7,7,7);B3:(0,1,2,6,7,7,7,7);B3:(0,1,2,7,7,7,7,7);B3:(0,1,4,3,7,7,7,7);B3:(0,1,4,5,7,7,7,7);B3:(0,1,4,6,7,7,7,7);B3:(0,1,4,7,7,7,7,7);B3:(0,1,6,3,7,7,7,7);B3:(0,1,6,5,7,7,7,7);B3:(0,1,6,6,7,7,7,7);B3:(0,1,6,7,7,7,7,7);B3:(0,1,7,3,7,7,7,7);B3:(0,1,7,5,7,7,7,7);B3:(0,1,7,6,7,7,7,7);B3:(0,1,7,7,7,7,7,7);B3:(0,4,2,3,7,7,7,7);B3:(0,4,2,5,7,7,7,7);B3:(0,4,2,6,7,7,7,7);B3:(0,4,2,7,7,7,7,7);B3:(0,4,4,3,7,7,7,7);B3:(0,4,4,5,7,7,7,7);B3:(0,4,4,6,7,7,7,7);B3:(0,4,4,7,7,7,7,7);B3:(0,4,6,3,7,7,7,7);B3:(0,4,6,5,7,7,7,7);B3:(0,4,6,6,7,7,7,7);B3:(0,4,6,7,7,7,7,7);B3:(0,4,7,3,7,7,7,7);B3:(0,4,7,5,7,7,7,7);B3:(0,4,7,6,7,7,7,7);B3:(0,4,7,7,7,7,7,7);B3:(0,5,2,3,7,7,7,7);B3:(0,5,2,5,7,7,7,7);B3:(0,5,2,6,7,7,7,7);B3:(0,5,2,7,7,7,7,7);B3:(0,5,4,3,7,7,7,7);B3:(0,5,4,5,7,7,7,7);B3:(0,5,4,6,7,7,7,7);B3:(0,5,4,7,7,7,7,7);B3:(0,5,6,3,7,7,7,7);B3:(0,5,6,5,7,7,7,7);B3:(0,5,6,6,7,7,7,7);B3:(0,5,6,7,7,7,7,7);B3:(0,5,7,3,7,7,7,7);B3:(0,5,7,5,7,7,7,7);B3:(0,5,7,6,7,7,7,7);B3:(0,5,7,7,7,7,7,7);B3:(0,7,2,3,7,7,7,7);B3:(0,7,2,5,7,7,7,7);B3:(0,7,2,6,7,7,7,7);B3:(0,7,2,7,7,7,7,7);B3:(0,7,4,3,7,7,7,7);B3:(0,7,4,5,7,7,7,7);B3:(0,7,4,6,7,7,7,7);B3:(0,7,4,7,7,7,7,7);B3:(0,7,6,3,7,7,7,7);B3:(0,7,6,5,7,7,7,7);B3:(0,7,6,6,7,7,7,7);B3:(0,7,6,7,7,7,7,7);B3:(0,7,7,3,7,7,7,7);B3:(0,7,7,5,7,7,7,7);B3:(0,7,7,6,7,7,7,7);B3:(0,7,7,7,7,7,7,7);B3:(1,4,4,5,7,7,7,7);B3:(1,4,4,7,7,7,7,7);B3:(1,4,7,5,7,7,7,7);B3:(1,4,7,7,7,7,7,7);B3:(1,5,4,5,7,7,7,7);B3:(1,5,4,7,7,7,7,7);B3:(1,5,7,5,7,7,7,7);B3:(1,5,7,7,7,7,7,7);B3:(1,7,4,5,7,7,7,7);B3:(1,7,4,7,7,7,7,7);B3:(1,7,7,5,7,7,7,7);B3:(1,7,7,7,7,7,7,7);B3:(2,4,4,6,7,7,7,7);B3:(2,4,4,7,7,7,7,7);B3:(2,4,6,6,7,7,7,7);B3:(2,4,6,7,7,7,7,7);B3:(2,4,7,6,7,7,7,7);B3:(2,4,7,7,7,7,7,7);B3:(2,7,4,6,7,7,7,7);B3:(2,7,4,7,7,7,7,7);B3:(2,7,6,6,7,7,7,7);B3:(2,7,6,7,7,7,7,7);B3:(2,7,7,6,7,7,7,7);B3:(2,7,7,7,7,7,7,7);B3:(3,5,6,5,7,7,7,7);B3:(3,5,6,6,7,7,7,7);B3:(3,5,6,7,7,7,7,7);B3:(3,5,7,5,7,7,7,7);B3:(3,5,7,6,7,7,7,7);B3:(3,5,7,7,7,7,7,7);B3:(3,7,6,5,7,7,7,7);B3:(3,7,6,6,7,7,7,7);B3:(3,7,6,7,7,7,7,7);B3:(3,7,7,5,7,7,7,7);B3:(3,7,7,6,7,7,7,7);B3:(3,7,7,7,7,7,7,7);B3:(4,4,4,7,7,7,7,7);B3:(4,4,7,7,7,7,7,7);B3:(4,7,4,7,7,7,7,7);B3:(4,7,7,7,7,7,7,7);B3:(5,5,7,5,7,7,7,7);B3:(5,5,7,7,7,7,7,7);B3:(5,7,7,5,7,7,7,7);B3:(5,7,7,7,7,7,7,7);B3:(6,7,6,6,7,7,7,7);B3:(6,7,6,7,7,7,7,7);B3:(6,7,7,6,7,7,7,7);B3:(6,7,7,7,7,7,7,7);B3:(7,7,7,7,7,7,7,7)"
B3,boolean_all_monotone_inflationary,top_heavy,moved_points_cost,dedup_equal_points,216,8,"B3:(0,1,2,3,4,5,6,7);B3:(0,1,2,3,4,5,7,7);B3:(0,1,2,3,4,7,7,7);B3:(0,1,2,3,7,7,7,7);B3:(0,1,2,5,7,7,7,7);B3:(0,1,4,5,7,7,7,7);B3:(0,4,4,5,7,7,7,7);B3:(1,4,4,5,7,7,7,7)"
B3,boolean_all_monotone_inflationary,top_heavy,total_rank_lift_cost,keep_all_nondominated,216,40,"B3:(0,1,2,3,4,5,6,7);B3:(0,1,2,3,4,5,7,7);B3:(0,1,2,3,4,7,6,7);B3:(0,1,2,3,4,7,7,7);B3:(0,1,2,3,7,5,6,7);B3:(0,1,2,3,7,5,7,7);B3:(0,1,2,3,7,7,6,7);B3:(0,1,2,3,7,7,7,7);B3:(0,1,2,5,7,7,7,7);B3:(0,1,2,6,7,7,7,7);B3:(0,1,4,3,7,7,7,7);B3:(0,1,4,5,7,7,7,7);B3:(0,1,4,6,7,7,7,7);B3:(0,1,6,3,7,7,7,7);B3:(0,1,6,5,7,7,7,7);B3:(0,1,6,6,7,7,7,7);B3:(0,4,2,3,7,7,7,7);B3:(0,4,2,5,7,7,7,7);B3:(0,4,2,6,7,7,7,7);B3:(0,4,4,3,7,7,7,7);B3:(0,4,4,5,7,7,7,7);B3:(0,4,4,6,7,7,7,7);B3:(0,4,6,3,7,7,7,7);B3:(0,4,6,5,7,7,7,7);B3:(0,4,6,6,7,7,7,7);B3:(0,5,2,3,7,7,7,7);B3:(0,5,2,5,7,7,7,7);B3:(0,5,2,6,7,7,7,7);B3:(0,5,4,3,7,7,7,7);B3:(0,5,4,5,7,7,7,7);B3:(0,5,4,6,7,7,7,7);B3:(0,5,6,3,7,7,7,7);B3:(0,5,6,5,7,7,7,7);B3:(0,5,6,6,7,7,7,7);B3:(1,4,4,5,7,7,7,7);B3:(1,5,4,5,7,7,7,7);B3:(2,4,4,6,7,7,7,7);B3:(2,4,6,6,7,7,7,7);B3:(3,5,6,5,7,7,7,7);B3:(3,5,6,6,7,7,7,7)"
B3,boolean_all_monotone_inflationary,top_heavy,total_rank_lift_cost,dedup_equal_points,216,8,"B3:(0,1,2,3,4,5,6,7);B3:(0,1,2,3,4,5,7,7);B3:(0,1,2,3,4,7,7,7);B3:(0,1,2,3,7,7,7,7);B3:(0,1,2,5,7,7,7,7);B3:(0,1,4,5,7,7,7,7);B3:(0,4,4,5,7,7,7,7);B3:(1,4,4,5,7,7,7,7)"
B3,boolean_all_monotone_inflationary,top_heavy,average_rank_lift_cost,keep_all_nondominated,216,40,"B3:(0,1,2,3,4,5,6,7);B3:(0,1,2,3,4,5,7,7);B3:(0,1,2,3,4,7,6,7);B3:(0,1,2,3,4,7,7,7);B3:(0,1,2,3,7,5,6,7);B3:(0,1,2,3,7,5,7,7);B3:(0,1,2,3,7,7,6,7);B3:(0,1,2,3,7,7,7,7);B3:(0,1,2,5,7,7,7,7);B3:(0,1,2,6,7,7,7,7);B3:(0,1,4,3,7,7,7,7);B3:(0,1,4,5,7,7,7,7);B3:(0,1,4,6,7,7,7,7);B3:(0,1,6,3,7,7,7,7);B3:(0,1,6,5,7,7,7,7);B3:(0,1,6,6,7,7,7,7);B3:(0,4,2,3,7,7,7,7);B3:(0,4,2,5,7,7,7,7);B3:(0,4,2,6,7,7,7,7);B3:(0,4,4,3,7,7,7,7);B3:(0,4,4,5,7,7,7,7);B3:(0,4,4,6,7,7,7,7);B3:(0,4,6,3,7,7,7,7);B3:(0,4,6,5,7,7,7,7);B3:(0,4,6,6,7,7,7,7);B3:(0,5,2,3,7,7,7,7);B3:(0,5,2,5,7,7,7,7);B3:(0,5,2,6,7,7,7,7);B3:(0,5,4,3,7,7,7,7);B3:(0,5,4,5,7,7,7,7);B3:(0,5,4,6,7,7,7,7);B3:(0,5,6,3,7,7,7,7);B3:(0,5,6,5,7,7,7,7);B3:(0,5,6,6,7,7,7,7);B3:(1,4,4,5,7,7,7,7);B3:(1,5,4,5,7,7,7,7);B3:(2,4,4,6,7,7,7,7);B3:(2,4,6,6,7,7,7,7);B3:(3,5,6,5,7,7,7,7);B3:(3,5,6,6,7,7,7,7)"
B3,boolean_all_monotone_inflationary,top_heavy,average_rank_lift_cost,dedup_equal_points,216,8,"B3:(0,1,2,3,4,5,6,7);B3:(0,1,2,3,4,5,7,7);B3:(0,1,2,3,4,7,7,7);B3:(0,1,2,3,7,7,7,7);B3:(0,1,2,5,7,7,7,7);B3:(0,1,4,5,7,7,7,7);B3:(0,4,4,5,7,7,7,7);B3:(1,4,4,5,7,7,7,7)"
B3,boolean_all_monotone_inflationary,top_heavy,normalized_total_rank_lift_cost,keep_all_nondominated,216,40,"B3:(0,1,2,3,4,5,6,7);B3:(0,1,2,3,4,5,7,7);B3:(0,1,2,3,4,7,6,7);B3:(0,1,2,3,4,7,7,7);B3:(0,1,2,3,7,5,6,7);B3:(0,1,2,3,7,5,7,7);B3:(0,1,2,3,7,7,6,7);B3:(0,1,2,3,7,7,7,7);B3:(0,1,2,5,7,7,7,7);B3:(0,1,2,6,7,7,7,7);B3:(0,1,4,3,7,7,7,7);B3:(0,1,4,5,7,7,7,7);B3:(0,1,4,6,7,7,7,7);B3:(0,1,6,3,7,7,7,7);B3:(0,1,6,5,7,7,7,7);B3:(0,1,6,6,7,7,7,7);B3:(0,4,2,3,7,7,7,7);B3:(0,4,2,5,7,7,7,7);B3:(0,4,2,6,7,7,7,7);B3:(0,4,4,3,7,7,7,7);B3:(0,4,4,5,7,7,7,7);B3:(0,4,4,6,7,7,7,7);B3:(0,4,6,3,7,7,7,7);B3:(0,4,6,5,7,7,7,7);B3:(0,4,6,6,7,7,7,7);B3:(0,5,2,3,7,7,7,7);B3:(0,5,2,5,7,7,7,7);B3:(0,5,2,6,7,7,7,7);B3:(0,5,4,3,7,7,7,7);B3:(0,5,4,5,7,7,7,7);B3:(0,5,4,6,7,7,7,7);B3:(0,5,6,3,7,7,7,7);B3:(0,5,6,5,7,7,7,7);B3:(0,5,6,6,7,7,7,7);B3:(1,4,4,5,7,7,7,7);B3:(1,5,4,5,7,7,7,7);B3:(2,4,4,6,7,7,7,7);B3:(2,4,6,6,7,7,7,7);B3:(3,5,6,5,7,7,7,7);B3:(3,5,6,6,7,7,7,7)"
B3,boolean_all_monotone_inflationary,top_heavy,normalized_total_rank_lift_cost,dedup_equal_points,216,8,"B3:(0,1,2,3,4,5,6,7);B3:(0,1,2,3,4,5,7,7);B3:(0,1,2,3,4,7,7,7);B3:(0,1,2,3,7,7,7,7);B3:(0,1,2,5,7,7,7,7);B3:(0,1,4,5,7,7,7,7);B3:(0,4,4,5,7,7,7,7);B3:(1,4,4,5,7,7,7,7)"
B3,boolean_all_monotone_inflationary,bottom_heavy,moved_points_cost,keep_all_nondominated,216,92,"B3:(0,1,2,3,4,5,6,7);B3:(0,1,2,3,4,5,7,7);B3:(0,1,2,3,4,7,6,7);B3:(0,1,2,3,7,5,6,7);B3:(0,1,2,5,4,5,7,7);B3:(0,1,2,6,4,7,6,7);B3:(0,1,4,3,4,5,7,7);B3:(0,1,4,5,4,5,7,7);B3:(0,1,6,3,7,5,6,7);B3:(0,4,2,3,4,7,6,7);B3:(0,4,2,6,4,7,6,7);B3:(0,5,2,3,7,5,6,7);B3:(0,5,6,3,7,5,6,7);B3:(1,1,4,5,4,5,7,7);B3:(1,1,4,5,4,7,7,7);B3:(1,1,4,5,7,5,7,7);B3:(1,1,4,7,4,7,7,7);B3:(1,1,7,5,7,5,7,7);B3:(1,4,4,5,4,7,7,7);B3:(1,4,4,5,7,7,7,7);B3:(1,4,4,7,4,7,7,7);B3:(1,4,4,7,7,7,7,7);B3:(1,4,7,5,7,7,7,7);B3:(1,4,7,7,7,7,7,7);B3:(1,5,4,5,7,5,7,7);B3:(1,5,4,5,7,7,7,7);B3:(1,5,4,7,7,7,7,7);B3:(1,5,7,5,7,5,7,7);B3:(1,5,7,5,7,7,7,7);B3:(1,5,7,7,7,7,7,7);B3:(1,7,4,5,7,7,7,7);B3:(1,7,4,7,7,7,7,7);B3:(1,7,7,5,7,7,7,7);B3:(1,7,7,7,7,7,7,7);B3:(2,4,2,6,4,7,6,7);B3:(2,4,2,6,4,7,7,7);B3:(2,4,2,6,7,7,6,7);B3:(2,4,2,7,4,7,7,7);B3:(2,4,4,6,4,7,7,7);B3:(2,4,4,6,7,7,7,7);B3:(2,4,4,7,4,7,7,7);B3:(2,4,4,7,7,7,7,7);B3:(2,4,6,6,7,7,6,7);B3:(2,4,6,6,7,7,7,7);B3:(2,4,6,7,7,7,7,7);B3:(2,4,7,6,7,7,7,7);B3:(2,4,7,7,7,7,7,7);B3:(2,7,2,6,7,7,6,7);B3:(2,7,4,6,7,7,7,7);B3:(2,7,4,7,7,7,7,7);B3:(2,7,6,6,7,7,6,7);B3:(2,7,6,6,7,7,7,7);B3:(2,7,6,7,7,7,7,7);B3:(2,7,7,6,7,7,7,7);B3:(2,7,7,7,7,7,7,7);B3:(3,5,6,3,7,5,6,7);B3:(3,5,6,3,7,5,7,7);B3:(3,5,6,3,7,7,6,7);B3:(3,5,6,5,7,5,7,7);B3:(3,5,6,5,7,7,7,7);B3:(3,5,6,6,7,7,6,7);B3:(3,5,6,6,7,7,7,7);B3:(3,5,6,7,7,7,7,7);B3:(3,5,7,3,7,5,7,7);B3:(3,5,7,5,7,5,7,7);B3:(3,5,7,5,7,7,7,7);B3:(3,5,7,6,7,7,7,7);B3:(3,5,7,7,7,7,7,7);B3:(3,7,6,3,7,7,6,7);B3:(3,7,6,5,7,7,7,7);B3:(3,7,6,6,7,7,6,7);B3:(3,7,6,6,7,7,7,7);B3:(3,7,6,7,7,7,7,7);B3:(3,7,7,5,7,7,7,7);B3:(3,7,7,6,7,7,7,7);B3:(3,7,7,7,7,7,7,7);B3:(4,4,4,7,4,7,7,7);B3:(4,4,4,7,7,7,7,7);B3:(4,4,7,7,7,7,7,7);B3:(4,7,4,7,7,7,7,7);B3:(4,7,7,7,7,7,7,7);B3:(5,5,7,5,7,5,7,7);B3:(5,5,7,5,7,7,7,7);B3:(5,5,7,7,7,7,7,7);B3:(5,7,7,5,7,7,7,7);B3:(5,7,7,7,7,7,7,7);B3:(6,7,6,6,7,7,6,7);B3:(6,7,6,6,7,7,7,7);B3:(6,7,6,7,7,7,7,7);B3:(6,7,7,6,7,7,7,7);B3:(6,7,7,7,7,7,7,7);B3:(7,7,7,7,7,7,7,7)"
B3,boolean_all_monotone_inflationary,bottom_heavy,moved_points_cost,dedup_equal_points,216,8,"B3:(0,1,2,3,4,5,6,7);B3:(0,1,2,3,4,5,7,7);B3:(0,1,2,5,4,5,7,7);B3:(0,1,4,5,4,5,7,7);B3:(1,1,4,5,4,5,7,7);B3:(1,1,4,5,4,7,7,7);B3:(1,4,4,5,4,7,7,7);B3:(1,4,4,5,7,7,7,7)"
B3,boolean_all_monotone_inflationary,bottom_heavy,total_rank_lift_cost,keep_all_nondominated,216,34,"B3:(0,1,2,3,4,5,6,7);B3:(0,1,2,3,4,5,7,7);B3:(0,1,2,3,4,7,6,7);B3:(0,1,2,3,7,5,6,7);B3:(0,1,2,5,4,5,7,7);B3:(0,1,2,6,4,7,6,7);B3:(0,1,4,3,4,5,7,7);B3:(0,1,4,5,4,5,7,7);B3:(0,1,6,3,7,5,6,7);B3:(0,4,2,3,4,7,6,7);B3:(0,4,2,6,4,7,6,7);B3:(0,5,2,3,7,5,6,7);B3:(0,5,6,3,7,5,6,7);B3:(1,1,4,5,4,5,7,7);B3:(1,1,4,5,4,7,7,7);B3:(1,1,4,5,7,5,7,7);B3:(1,4,4,5,4,7,7,7);B3:(1,4,4,5,7,7,7,7);B3:(1,5,4,5,7,5,7,7);B3:(1,5,4,5,7,7,7,7);B3:(2,4,2,6,4,7,6,7);B3:(2,4,2,6,4,7,7,7);B3:(2,4,2,6,7,7,6,7);B3:(2,4,4,6,4,7,7,7);B3:(2,4,4,6,7,7,7,7);B3:(2,4,6,6,7,7,6,7);B3:(2,4,6,6,7,7,7,7);B3:(3,5,6,3,7,5,6,7);B3:(3,5,6,3,7,5,7,7);B3:(3,5,6,3,7,7,6,7);B3:(3,5,6,5,7,5,7,7);B3:(3,5,6,5,7,7,7,7);B3:(3,5,6,6,7,7,6,7);B3:(3,5,6,6,7,7,7,7)"
B3,boolean_all_monotone_inflationary,bottom_heavy,total_rank_lift_cost,dedup_equal_points,216,8,"B3:(0,1,2,3,4,5,6,7);B3:(0,1,2,3,4,5,7,7);B3:(0,1,2,5,4,5,7,7);B3:(0,1,4,5,4,5,7,7);B3:(1,1,4,5,4,5,7,7);B3:(1,1,4,5,4,7,7,7);B3:(1,4,4,5,4,7,7,7);B3:(1,4,4,5,7,7,7,7)"
B3,boolean_all_monotone_inflationary,bottom_heavy,average_rank_lift_cost,keep_all_nondominated,216,34,"B3:(0,1,2,3,4,5,6,7);B3:(0,1,2,3,4,5,7,7);B3:(0,1,2,3,4,7,6,7);B3:(0,1,2,3,7,5,6,7);B3:(0,1,2,5,4,5,7,7);B3:(0,1,2,6,4,7,6,7);B3:(0,1,4,3,4,5,7,7);B3:(0,1,4,5,4,5,7,7);B3:(0,1,6,3,7,5,6,7);B3:(0,4,2,3,4,7,6,7);B3:(0,4,2,6,4,7,6,7);B3:(0,5,2,3,7,5,6,7);B3:(0,5,6,3,7,5,6,7);B3:(1,1,4,5,4,5,7,7);B3:(1,1,4,5,4,7,7,7);B3:(1,1,4,5,7,5,7,7);B3:(1,4,4,5,4,7,7,7);B3:(1,4,4,5,7,7,7,7);B3:(1,5,4,5,7,5,7,7);B3:(1,5,4,5,7,7,7,7);B3:(2,4,2,6,4,7,6,7);B3:(2,4,2,6,4,7,7,7);B3:(2,4,2,6,7,7,6,7);B3:(2,4,4,6,4,7,7,7);B3:(2,4,4,6,7,7,7,7);B3:(2,4,6,6,7,7,6,7);B3:(2,4,6,6,7,7,7,7);B3:(3,5,6,3,7,5,6,7);B3:(3,5,6,3,7,5,7,7);B3:(3,5,6,3,7,7,6,7);B3:(3,5,6,5,7,5,7,7);B3:(3,5,6,5,7,7,7,7);B3:(3,5,6,6,7,7,6,7);B3:(3,5,6,6,7,7,7,7)"
B3,boolean_all_monotone_inflationary,bottom_heavy,average_rank_lift_cost,dedup_equal_points,216,8,"B3:(0,1,2,3,4,5,6,7);B3:(0,1,2,3,4,5,7,7);B3:(0,1,2,5,4,5,7,7);B3:(0,1,4,5,4,5,7,7);B3:(1,1,4,5,4,5,7,7);B3:(1,1,4,5,4,7,7,7);B3:(1,4,4,5,4,7,7,7);B3:(1,4,4,5,7,7,7,7)"
B3,boolean_all_monotone_inflationary,bottom_heavy,normalized_total_rank_lift_cost,keep_all_nondominated,216,34,"B3:(0,1,2,3,4,5,6,7);B3:(0,1,2,3,4,5,7,7);B3:(0,1,2,3,4,7,6,7);B3:(0,1,2,3,7,5,6,7);B3:(0,1,2,5,4,5,7,7);B3:(0,1,2,6,4,7,6,7);B3:(0,1,4,3,4,5,7,7);B3:(0,1,4,5,4,5,7,7);B3:(0,1,6,3,7,5,6,7);B3:(0,4,2,3,4,7,6,7);B3:(0,4,2,6,4,7,6,7);B3:(0,5,2,3,7,5,6,7);B3:(0,5,6,3,7,5,6,7);B3:(1,1,4,5,4,5,7,7);B3:(1,1,4,5,4,7,7,7);B3:(1,1,4,5,7,5,7,7);B3:(1,4,4,5,4,7,7,7);B3:(1,4,4,5,7,7,7,7);B3:(1,5,4,5,7,5,7,7);B3:(1,5,4,5,7,7,7,7);B3:(2,4,2,6,4,7,6,7);B3:(2,4,2,6,4,7,7,7);B3:(2,4,2,6,7,7,6,7);B3:(2,4,4,6,4,7,7,7);B3:(2,4,4,6,7,7,7,7);B3:(2,4,6,6,7,7,6,7);B3:(2,4,6,6,7,7,7,7);B3:(3,5,6,3,7,5,6,7);B3:(3,5,6,3,7,5,7,7);B3:(3,5,6,3,7,7,6,7);B3:(3,5,6,5,7,5,7,7);B3:(3,5,6,5,7,7,7,7);B3:(3,5,6,6,7,7,6,7);B3:(3,5,6,6,7,7,7,7)"
B3,boolean_all_monotone_inflationary,bottom_heavy,normalized_total_rank_lift_cost,dedup_equal_points,216,8,"B3:(0,1,2,3,4,5,6,7);B3:(0,1,2,3,4,5,7,7);B3:(0,1,2,5,4,5,7,7);B3:(0,1,4,5,4,5,7,7);B3:(1,1,4,5,4,5,7,7);B3:(1,1,4,5,4,7,7,7);B3:(1,4,4,5,4,7,7,7);B3:(1,4,4,5,7,7,7,7)"
B3,boolean_all_monotone_inflationary,middle_heavy,moved_points_cost,keep_all_nondominated,216,174,"B3:(0,1,2,3,4,5,6,7);B3:(0,1,2,3,4,5,7,7);B3:(0,1,2,3,4,7,6,7);B3:(0,1,2,3,4,7,7,7);B3:(0,1,2,3,7,5,6,7);B3:(0,1,2,3,7,5,7,7);B3:(0,1,2,3,7,7,6,7);B3:(0,1,2,3,7,7,7,7);B3:(0,1,2,5,4,5,7,7);B3:(0,1,2,5,4,7,7,7);B3:(0,1,2,5,7,5,7,7);B3:(0,1,2,5,7,7,7,7);B3:(0,1,2,6,4,7,6,7);B3:(0,1,2,6,4,7,7,7);B3:(0,1,2,6,7,7,6,7);B3:(0,1,2,6,7,7,7,7);B3:(0,1,2,7,4,7,7,7);B3:(0,1,2,7,7,7,7,7);B3:(0,1,4,3,4,5,7,7);B3:(0,1,4,3,4,7,7,7);B3:(0,1,4,3,7,5,7,7);B3:(0,1,4,3,7,7,7,7);B3:(0,1,4,5,4,5,7,7);B3:(0,1,4,5,4,7,7,7);B3:(0,1,4,5,7,5,7,7);B3:(0,1,4,5,7,7,7,7);B3:(0,1,4,6,4,7,7,7);B3:(0,1,4,6,7,7,7,7);B3:(0,1,4,7,4,7,7,7);B3:(0,1,4,7,7,7,7,7);B3:(0,1,6,3,7,5,6,7);B3:(0,1,6,3,7,5,7,7);B3:(0,1,6,3,7,7,6,7);B3:(0,1,6,3,7,7,7,7);B3:(0,1,6,5,7,5,7,7);B3:(0,1,6,5,7,7,7,7);B3:(0,1,6,6,7,7,6,7);B3:(0,1,6,6,7,7,7,7);B3:(0,1,6,7,7,7,7,7);B3:(0,1,7,3,7,5,7,7);B3:(0,1,7,3,7,7,7,7);B3:(0,1,7,5,7,5,7,7);B3:(0,1,7,5,7,7,7,7);B3:(0,1,7,6,7,7,7,7);B3:(0,1,7,7,7,7,7,7);B3:(0,4,2,3,4,7,6,7);B3:(0,4,2,3,4,7,7,7);B3:(0,4,2,3,7,7,6,7);B3:(0,4,2,3,7,7,7,7);B3:(0,4,2,5,4,7,7,7);B3:(0,4,2,5,7,7,7,7);B3:(0,4,2,6,4,7,6,7);B3:(0,4,2,6,4,7,7,7);B3:(0,4,2,6,7,7,6,7);B3:(0,4,2,6,7,7,7,7);B3:(0,4,2,7,4,7,7,7);B3:(0,4,2,7,7,7,7,7);B3:(0,4,4,3,4,7,7,7);B3:(0,4,4,3,7,7,7,7);B3:(0,4,4,5,4,7,7,7);B3:(0,4,4,5,7,7,7,7);B3:(0,4,4,6,4,7,7,7);B3:(0,4,4,6,7,7,7,7);B3:(0,4,4,7,4,7,7,7);B3:(0,4,4,7,7,7,7,7);B3:(0,4,6,3,7,7,6,7);B3:(0,4,6,3,7,7,7,7);B3:(0,4,6,5,7,7,7,7);B3:(0,4,6,6,7,7,6,7);B3:(0,4,6,6,7,7,7,7);B3:(0,4,6,7,7,7,7,7);B3:(0,4,7,3,7,7,7,7);B3:(0,4,7,5,7,7,7,7);B3:(0,4,7,6,7,7,7,7);B3:(0,4,7,7,7,7,7,7);B3:(0,5,2,3,7,5,6,7);B3:(0,5,2,3,7,5,7,7);B3:(0,5,2,3,7,7,6,7);B3:(0,5,2,3,7,7,7,7);B3:(0,5,2,5,7,5,7,7);B3:(0,5,2,5,7,7,7,7);B3:(0,5,2,6,7,7,6,7);B3:(0,5,2,6,7,7,7,7);B3:(0,5,2,7,7,7,7,7);B3:(0,5,4,3,7,5,7,7);B3:(0,5,4,3,7,7,7,7);B3:(0,5,4,5,7,5,7,7);B3:(0,5,4,5,7,7,7,7);B3:(0,5,4,6,7,7,7,7);B3:(0,5,4,7,7,7,7,7);B3:(0,5,6,3,7,5,6,7);B3:(0,5,6,3,7,5,7,7);B3:(0,5,6,3,7,7,6,7);B3:(0,5,6,3,7,7,7,7);B3:(0,5,6,5,7,5,7,7);B3:(0,5,6,5,7,7,7,7);B3:(0,5,6,6,7,7,6,7);B3:(0,5,6,6,7,7,7,7);B3:(0,5,6,7,7,7,7,7);B3:(0,5,7,3,7,5,7,7);B3:(0,5,7,3,7,7,7,7);B3:(0,5,7,5,7,5,7,7);B3:(0,5,7,5,7,7,7,7);B3:(0,5,7,6,7,7,7,7);B3:(0,5,7,7,7,7,7,7);B3:(0,7,2,3,7,7,6,7);B3:(0,7,2,3,7,7,7,7);B3:(0,7,2,5,7,7,7,7);B3:(0,7,2,6,7,7,6,7);B3:(0,7,2,6,7,7,7,7);B3:(0,7,2,7,7,7,7,7);B3:(0,7,4,3,7,7,7,7);B3:(0,7,4,5,7,7,7,7);B3:(0,7,4,6,7,7,7,7);B3:(0,7,4,7,7,7,7,7);B3:(0,7,6,3,7,7,6,7);B3:(0,7,6,3,7,7,7,7);B3:(0,7,6,5,7,7,7,7);B3:(0,7,6,6,7,7,6,7);B3:(0,7,6,6,7,7,7,7);B3:(0,7,6,7,7,7,7,7);B3:(0,7,7,3,7,7,7,7);B3:(0,7,7,5,7,7,7,7);B3:(0,7,7,6,7,7,7,7);B3:(0,7,7,7,7,7,7,7);B3:(1,4,4,5,7,7,7,7);B3:(1,4,4,7,7,7,7,7);B3:(1,4,7,5,7,7,7,7);B3:(1,4,7,7,7,7,7,7);B3:(1,5,4,5,7,7,7,7);B3:(1,5,4,7,7,7,7,7);B3:(1,5,7,5,7,7,7,7);B3:(1,5,7,7,7,7,7,7);B3:(1,7,4,5,7,7,7,7);B3:(1,7,4,7,7,7,7,7);B3:(1,7,7,5,7,7,7,7);B3:(1,7,7,7,7,7,7,7);B3:(2,4,4,6,7,7,7,7);B3:(2,4,4,7,7,7,7,7);B3:(2,4,6,6,7,7,7,7);B3:(2,4,6,7,7,7,7,7);B3:(2,4,7,6,7,7,7,7);B3:(2,4,7,7,7,7,7,7);B3:(2,7,4,6,7,7,7,7);B3:(2,7,4,7,7,7,7,7);B3:(2,7,6,6,7,7,7,7);B3:(2,7,6,7,7,7,7,7);B3:(2,7,7,6,7,7,7,7);B3:(2,7,7,7,7,7,7,7);B3:(3,5,6,5,7,7,7,7);B3:(3,5,6,6,7,7,7,7);B3:(3,5,6,7,7,7,7,7);B3:(3,5,7,5,7,7,7,7);B3:(3,5,7,6,7,7,7,7);B3:(3,5,7,7,7,7,7,7);B3:(3,7,6,5,7,7,7,7);B3:(3,7,6,6,7,7,7,7);B3:(3,7,6,7,7,7,7,7);B3:(3,7,7,5,7,7,7,7);B3:(3,7,7,6,7,7,7,7);B3:(3,7,7,7,7,7,7,7);B3:(4,4,4,7,7,7,7,7);B3:(4,4,7,7,7,7,7,7);B3:(4,7,4,7,7,7,7,7);B3:(4,7,7,7,7,7,7,7);B3:(5,5,7,5,7,7,7,7);B3:(5,5,7,7,7,7,7,7);B3:(5,7,7,5,7,7,7,7);B3:(5,7,7,7,7,7,7,7);B3:(6,7,6,6,7,7,7,7);B3:(6,7,6,7,7,7,7,7);B3:(6,7,7,6,7,7,7,7);B3:(6,7,7,7,7,7,7,7);B3:(7,7,7,7,7,7,7,7)"
B3,boolean_all_monotone_inflationary,middle_heavy,moved_points_cost,dedup_equal_points,216,8,"B3:(0,1,2,3,4,5,6,7);B3:(0,1,2,3,4,5,7,7);B3:(0,1,2,3,4,7,7,7);B3:(0,1,2,3,7,7,7,7);B3:(0,1,2,5,7,7,7,7);B3:(0,1,4,5,7,7,7,7);B3:(0,4,4,5,7,7,7,7);B3:(1,4,4,5,7,7,7,7)"
B3,boolean_all_monotone_inflationary,middle_heavy,total_rank_lift_cost,keep_all_nondominated,216,82,"B3:(0,1,2,3,4,5,6,7);B3:(0,1,2,3,4,5,7,7);B3:(0,1,2,3,4,7,6,7);B3:(0,1,2,3,4,7,7,7);B3:(0,1,2,3,7,5,6,7);B3:(0,1,2,3,7,5,7,7);B3:(0,1,2,3,7,7,6,7);B3:(0,1,2,3,7,7,7,7);B3:(0,1,2,5,4,5,7,7);B3:(0,1,2,5,4,7,7,7);B3:(0,1,2,5,7,5,7,7);B3:(0,1,2,5,7,7,7,7);B3:(0,1,2,6,4,7,6,7);B3:(0,1,2,6,4,7,7,7);B3:(0,1,2,6,7,7,6,7);B3:(0,1,2,6,7,7,7,7);B3:(0,1,4,3,4,5,7,7);B3:(0,1,4,3,4,7,7,7);B3:(0,1,4,3,7,5,7,7);B3:(0,1,4,3,7,7,7,7);B3:(0,1,4,5,4,5,7,7);B3:(0,1,4,5,4,7,7,7);B3:(0,1,4,5,7,5,7,7);B3:(0,1,4,5,7,7,7,7);B3:(0,1,4,6,4,7,7,7);B3:(0,1,4,6,7,7,7,7);B3:(0,1,6,3,7,5,6,7);B3:(0,1,6,3,7,5,7,7);B3:(0,1,6,3,7,7,6,7);B3:(0,1,6,3,7,7,7,7);B3:(0,1,6,5,7,5,7,7);B3:(0,1,6,5,7,7,7,7);B3:(0,1,6,6,7,7,6,7);B3:(0,1,6,6,7,7,7,7);B3:(0,4,2,3,4,7,6,7);B3:(0,4,2,3,4,7,7,7);B3:(0,4,2,3,7,7,6,7);B3:(0,4,2,3,7,7,7,7);B3:(0,4,2,5,4,7,7,7);B3:(0,4,2,5,7,7,7,7);B3:(0,4,2,6,4,7,6,7);B3:(0,4,2,6,4,7,7,7);B3:(0,4,2,6,7,7,6,7);B3:(0,4,2,6,7,7,7,7);B3:(0,4,4,3,4,7,7,7);B3:(0,4,4,3,7,7,7,7);B3:(0,4,4,5,4,7,7,7);B3:(0,4,4,5,7,7,7,7);B3:(0,4,4,6,4,7,7,7);B3:(0,4,4,6,7,7,7,7);B3:(0,4,6,3,7,7,6,7);B3:(0,4,6,3,7,7,7,7);B3:(0,4,6,5,7,7,7,7);B3:(0,4,6,6,7,7,6,7);B3:(0,4,6,6,7,7,7,7);B3:(0,5,2,3,7,5,6,7);B3:(0,5,2,3,7,5,7,7);B3:(0,5,2,3,7,7,6,7);B3:(0,5,2,3,7,7,7,7);B3:(0,5,2,5,7,5,7,7);B3:(0,5,2,5,7,7,7,7);B3:(0,5,2,6,7,7,6,7);B3:(0,5,2,6,7,7,7,7);B3:(0,5,4,3,7,5,7,7);B3:(0,5,4,3,7,7,7,7);B3:(0,5,4,5,7,5,7,7);B3:(0,5,4,5,7,7,7,7);B3:(0,5,4,6,7,7,7,7);B3:(0,5,6,3,7,5,6,7);B3:(0,5,6,3,7,5,7,7);B3:(0,5,6,3,7,7,6,7);B3:(0,5,6,3,7,7,7,7);B3:(0,5,6,5,7,5,7,7);B3:(0,5,6,5,7,7,7,7);B3:(0,5,6,6,7,7,6,7);B3:(0,5,6,6,7,7,7,7);B3:(1,4,4,5,7,7,7,7);B3:(1,5,4,5,7,7,7,7);B3:(2,4,4,6,7,7,7,7);B3:(2,4,6,6,7,7,7,7);B3:(3,5,6,5,7,7,7,7);B3:(3,5,6,6,7,7,7,7)"
B3,boolean_all_monotone_inflationary,middle_heavy,total_rank_lift_cost,dedup_equal_points,216,8,"B3:(0,1,2,3,4,5,6,7);B3:(0,1,2,3,4,5,7,7);B3:(0,1,2,3,4,7,7,7);B3:(0,1,2,3,7,7,7,7);B3:(0,1,2,5,7,7,7,7);B3:(0,1,4,5,7,7,7,7);B3:(0,4,4,5,7,7,7,7);B3:(1,4,4,5,7,7,7,7)"
B3,boolean_all_monotone_inflationary,middle_heavy,average_rank_lift_cost,keep_all_nondominated,216,82,"B3:(0,1,2,3,4,5,6,7);B3:(0,1,2,3,4,5,7,7);B3:(0,1,2,3,4,7,6,7);B3:(0,1,2,3,4,7,7,7);B3:(0,1,2,3,7,5,6,7);B3:(0,1,2,3,7,5,7,7);B3:(0,1,2,3,7,7,6,7);B3:(0,1,2,3,7,7,7,7);B3:(0,1,2,5,4,5,7,7);B3:(0,1,2,5,4,7,7,7);B3:(0,1,2,5,7,5,7,7);B3:(0,1,2,5,7,7,7,7);B3:(0,1,2,6,4,7,6,7);B3:(0,1,2,6,4,7,7,7);B3:(0,1,2,6,7,7,6,7);B3:(0,1,2,6,7,7,7,7);B3:(0,1,4,3,4,5,7,7);B3:(0,1,4,3,4,7,7,7);B3:(0,1,4,3,7,5,7,7);B3:(0,1,4,3,7,7,7,7);B3:(0,1,4,5,4,5,7,7);B3:(0,1,4,5,4,7,7,7);B3:(0,1,4,5,7,5,7,7);B3:(0,1,4,5,7,7,7,7);B3:(0,1,4,6,4,7,7,7);B3:(0,1,4,6,7,7,7,7);B3:(0,1,6,3,7,5,6,7);B3:(0,1,6,3,7,5,7,7);B3:(0,1,6,3,7,7,6,7);B3:(0,1,6,3,7,7,7,7);B3:(0,1,6,5,7,5,7,7);B3:(0,1,6,5,7,7,7,7);B3:(0,1,6,6,7,7,6,7);B3:(0,1,6,6,7,7,7,7);B3:(0,4,2,3,4,7,6,7);B3:(0,4,2,3,4,7,7,7);B3:(0,4,2,3,7,7,6,7);B3:(0,4,2,3,7,7,7,7);B3:(0,4,2,5,4,7,7,7);B3:(0,4,2,5,7,7,7,7);B3:(0,4,2,6,4,7,6,7);B3:(0,4,2,6,4,7,7,7);B3:(0,4,2,6,7,7,6,7);B3:(0,4,2,6,7,7,7,7);B3:(0,4,4,3,4,7,7,7);B3:(0,4,4,3,7,7,7,7);B3:(0,4,4,5,4,7,7,7);B3:(0,4,4,5,7,7,7,7);B3:(0,4,4,6,4,7,7,7);B3:(0,4,4,6,7,7,7,7);B3:(0,4,6,3,7,7,6,7);B3:(0,4,6,3,7,7,7,7);B3:(0,4,6,5,7,7,7,7);B3:(0,4,6,6,7,7,6,7);B3:(0,4,6,6,7,7,7,7);B3:(0,5,2,3,7,5,6,7);B3:(0,5,2,3,7,5,7,7);B3:(0,5,2,3,7,7,6,7);B3:(0,5,2,3,7,7,7,7);B3:(0,5,2,5,7,5,7,7);B3:(0,5,2,5,7,7,7,7);B3:(0,5,2,6,7,7,6,7);B3:(0,5,2,6,7,7,7,7);B3:(0,5,4,3,7,5,7,7);B3:(0,5,4,3,7,7,7,7);B3:(0,5,4,5,7,5,7,7);B3:(0,5,4,5,7,7,7,7);B3:(0,5,4,6,7,7,7,7);B3:(0,5,6,3,7,5,6,7);B3:(0,5,6,3,7,5,7,7);B3:(0,5,6,3,7,7,6,7);B3:(0,5,6,3,7,7,7,7);B3:(0,5,6,5,7,5,7,7);B3:(0,5,6,5,7,7,7,7);B3:(0,5,6,6,7,7,6,7);B3:(0,5,6,6,7,7,7,7);B3:(1,4,4,5,7,7,7,7);B3:(1,5,4,5,7,7,7,7);B3:(2,4,4,6,7,7,7,7);B3:(2,4,6,6,7,7,7,7);B3:(3,5,6,5,7,7,7,7);B3:(3,5,6,6,7,7,7,7)"
B3,boolean_all_monotone_inflationary,middle_heavy,average_rank_lift_cost,dedup_equal_points,216,8,"B3:(0,1,2,3,4,5,6,7);B3:(0,1,2,3,4,5,7,7);B3:(0,1,2,3,4,7,7,7);B3:(0,1,2,3,7,7,7,7);B3:(0,1,2,5,7,7,7,7);B3:(0,1,4,5,7,7,7,7);B3:(0,4,4,5,7,7,7,7);B3:(1,4,4,5,7,7,7,7)"
B3,boolean_all_monotone_inflationary,middle_heavy,normalized_total_rank_lift_cost,keep_all_nondominated,216,82,"B3:(0,1,2,3,4,5,6,7);B3:(0,1,2,3,4,5,7,7);B3:(0,1,2,3,4,7,6,7);B3:(0,1,2,3,4,7,7,7);B3:(0,1,2,3,7,5,6,7);B3:(0,1,2,3,7,5,7,7);B3:(0,1,2,3,7,7,6,7);B3:(0,1,2,3,7,7,7,7);B3:(0,1,2,5,4,5,7,7);B3:(0,1,2,5,4,7,7,7);B3:(0,1,2,5,7,5,7,7);B3:(0,1,2,5,7,7,7,7);B3:(0,1,2,6,4,7,6,7);B3:(0,1,2,6,4,7,7,7);B3:(0,1,2,6,7,7,6,7);B3:(0,1,2,6,7,7,7,7);B3:(0,1,4,3,4,5,7,7);B3:(0,1,4,3,4,7,7,7);B3:(0,1,4,3,7,5,7,7);B3:(0,1,4,3,7,7,7,7);B3:(0,1,4,5,4,5,7,7);B3:(0,1,4,5,4,7,7,7);B3:(0,1,4,5,7,5,7,7);B3:(0,1,4,5,7,7,7,7);B3:(0,1,4,6,4,7,7,7);B3:(0,1,4,6,7,7,7,7);B3:(0,1,6,3,7,5,6,7);B3:(0,1,6,3,7,5,7,7);B3:(0,1,6,3,7,7,6,7);B3:(0,1,6,3,7,7,7,7);B3:(0,1,6,5,7,5,7,7);B3:(0,1,6,5,7,7,7,7);B3:(0,1,6,6,7,7,6,7);B3:(0,1,6,6,7,7,7,7);B3:(0,4,2,3,4,7,6,7);B3:(0,4,2,3,4,7,7,7);B3:(0,4,2,3,7,7,6,7);B3:(0,4,2,3,7,7,7,7);B3:(0,4,2,5,4,7,7,7);B3:(0,4,2,5,7,7,7,7);B3:(0,4,2,6,4,7,6,7);B3:(0,4,2,6,4,7,7,7);B3:(0,4,2,6,7,7,6,7);B3:(0,4,2,6,7,7,7,7);B3:(0,4,4,3,4,7,7,7);B3:(0,4,4,3,7,7,7,7);B3:(0,4,4,5,4,7,7,7);B3:(0,4,4,5,7,7,7,7);B3:(0,4,4,6,4,7,7,7);B3:(0,4,4,6,7,7,7,7);B3:(0,4,6,3,7,7,6,7);B3:(0,4,6,3,7,7,7,7);B3:(0,4,6,5,7,7,7,7);B3:(0,4,6,6,7,7,6,7);B3:(0,4,6,6,7,7,7,7);B3:(0,5,2,3,7,5,6,7);B3:(0,5,2,3,7,5,7,7);B3:(0,5,2,3,7,7,6,7);B3:(0,5,2,3,7,7,7,7);B3:(0,5,2,5,7,5,7,7);B3:(0,5,2,5,7,7,7,7);B3:(0,5,2,6,7,7,6,7);B3:(0,5,2,6,7,7,7,7);B3:(0,5,4,3,7,5,7,7);B3:(0,5,4,3,7,7,7,7);B3:(0,5,4,5,7,5,7,7);B3:(0,5,4,5,7,7,7,7);B3:(0,5,4,6,7,7,7,7);B3:(0,5,6,3,7,5,6,7);B3:(0,5,6,3,7,5,7,7);B3:(0,5,6,3,7,7,6,7);B3:(0,5,6,3,7,7,7,7);B3:(0,5,6,5,7,5,7,7);B3:(0,5,6,5,7,7,7,7);B3:(0,5,6,6,7,7,6,7);B3:(0,5,6,6,7,7,7,7);B3:(1,4,4,5,7,7,7,7);B3:(1,5,4,5,7,7,7,7);B3:(2,4,4,6,7,7,7,7);B3:(2,4,6,6,7,7,7,7);B3:(3,5,6,5,7,7,7,7);B3:(3,5,6,6,7,7,7,7)"
B3,boolean_all_monotone_inflationary,middle_heavy,normalized_total_rank_lift_cost,dedup_equal_points,216,8,"B3:(0,1,2,3,4,5,6,7);B3:(0,1,2,3,4,5,7,7);B3:(0,1,2,3,4,7,7,7);B3:(0,1,2,3,7,7,7,7);B3:(0,1,2,5,7,7,7,7);B3:(0,1,4,5,7,7,7,7);B3:(0,4,4,5,7,7,7,7);B3:(1,4,4,5,7,7,7,7)"
